--------------------------------------------------------
--  File created - Utorok-apríl-28-2015   
--------------------------------------------------------
--------------------------------------------------------
--  DDL for Sequence ATTACHMENT_ID_SEQ
--------------------------------------------------------

   CREATE SEQUENCE  "SNECH_DB"."ATTACHMENT_ID_SEQ"  MINVALUE 1 MAXVALUE 9999999999999999999999999999 INCREMENT BY 1 START WITH 161 CACHE 20 NOORDER  NOCYCLE ;
--------------------------------------------------------
--  DDL for Sequence ISSUE_ID_SEQ
--------------------------------------------------------

   CREATE SEQUENCE  "SNECH_DB"."ISSUE_ID_SEQ"  MINVALUE 1 MAXVALUE 9999999999999999999999999999 INCREMENT BY 1 START WITH 284 NOCACHE  ORDER  NOCYCLE ;
--------------------------------------------------------
--  DDL for Sequence ISSUE_LOGS_SEQ
--------------------------------------------------------

   CREATE SEQUENCE  "SNECH_DB"."ISSUE_LOGS_SEQ"  MINVALUE 1 MAXVALUE 9999999999999999999999999999 INCREMENT BY 1 START WITH 601 CACHE 20 NOORDER  NOCYCLE ;
--------------------------------------------------------
--  DDL for Sequence MESSAGES_MESSAGE_ID_SEQ
--------------------------------------------------------

   CREATE SEQUENCE  "SNECH_DB"."MESSAGES_MESSAGE_ID_SEQ"  MINVALUE 1 MAXVALUE 9999999999999999999999999999 INCREMENT BY 1 START WITH 1 NOCACHE  ORDER  NOCYCLE ;
--------------------------------------------------------
--  DDL for Sequence NOTICES_ID_SEQ
--------------------------------------------------------

   CREATE SEQUENCE  "SNECH_DB"."NOTICES_ID_SEQ"  MINVALUE 1 MAXVALUE 999999999999999 INCREMENT BY 1 START WITH 21 CACHE 20 NOORDER  NOCYCLE ;
--------------------------------------------------------
--  DDL for Sequence UPLOAD_FOLDER_SEQ
--------------------------------------------------------

   CREATE SEQUENCE  "SNECH_DB"."UPLOAD_FOLDER_SEQ"  MINVALUE 1 MAXVALUE 9999999999999999999999999999 INCREMENT BY 1 START WITH 95 NOCACHE  NOORDER  NOCYCLE ;
--------------------------------------------------------
--  DDL for Sequence USER_LOGIN_ID_SEQ
--------------------------------------------------------

   CREATE SEQUENCE  "SNECH_DB"."USER_LOGIN_ID_SEQ"  MINVALUE 1 MAXVALUE 9999999999999999999999999999 INCREMENT BY 1 START WITH 4 NOCACHE  ORDER  NOCYCLE ;
--------------------------------------------------------
--  DDL for Sequence USER_ROLES_ROLE_ID_SEQ
--------------------------------------------------------

   CREATE SEQUENCE  "SNECH_DB"."USER_ROLES_ROLE_ID_SEQ"  MINVALUE 1 MAXVALUE 9999999999999999999999999999 INCREMENT BY 1 START WITH 4 NOCACHE  ORDER  NOCYCLE ;
--------------------------------------------------------
--  DDL for Sequence USERS_USER_ID_SEQ
--------------------------------------------------------

   CREATE SEQUENCE  "SNECH_DB"."USERS_USER_ID_SEQ"  MINVALUE 1 MAXVALUE 9999999999999999999999999999 INCREMENT BY 1 START WITH 5 NOCACHE  ORDER  NOCYCLE ;
--------------------------------------------------------
--  DDL for Table ASSIGNING_ISSUES
--------------------------------------------------------

  CREATE TABLE "SNECH_DB"."ASSIGNING_ISSUES" 
   (	"LOGIN" VARCHAR2(20 BYTE), 
	"ISSUE_ID" NUMBER
   ) SEGMENT CREATION IMMEDIATE 
  PCTFREE 10 PCTUSED 40 INITRANS 1 MAXTRANS 255 NOCOMPRESS LOGGING
  STORAGE(INITIAL 65536 NEXT 1048576 MINEXTENTS 1 MAXEXTENTS 2147483645
  PCTINCREASE 0 FREELISTS 1 FREELIST GROUPS 1 BUFFER_POOL DEFAULT FLASH_CACHE DEFAULT CELL_FLASH_CACHE DEFAULT)
  TABLESPACE "SYSTEM" ;
--------------------------------------------------------
--  DDL for Table ATTACHMENTS
--------------------------------------------------------

  CREATE TABLE "SNECH_DB"."ATTACHMENTS" 
   (	"ATTACHMENT_ID" NUMBER(*,0), 
	"ISSUE_ID" NUMBER(*,0), 
	"FILE_URL" VARCHAR2(255 BYTE), 
	"FILE_NAME" VARCHAR2(255 BYTE), 
	"FILE_SIZE" NUMBER
   ) SEGMENT CREATION IMMEDIATE 
  PCTFREE 10 PCTUSED 40 INITRANS 1 MAXTRANS 255 NOCOMPRESS LOGGING
  STORAGE(INITIAL 65536 NEXT 1048576 MINEXTENTS 1 MAXEXTENTS 2147483645
  PCTINCREASE 0 FREELISTS 1 FREELIST GROUPS 1 BUFFER_POOL DEFAULT FLASH_CACHE DEFAULT CELL_FLASH_CACHE DEFAULT)
  TABLESPACE "SYSTEM" ;
--------------------------------------------------------
--  DDL for Table ISSUE_COMMENTS
--------------------------------------------------------

  CREATE TABLE "SNECH_DB"."ISSUE_COMMENTS" 
   (	"ISSUE_COMMENT_ID" NUMBER, 
	"ISSUE_ID" NUMBER(*,0), 
	"SUBJECT" VARCHAR2(255 BYTE), 
	"TEXT" CLOB, 
	"CREATED_ON" TIMESTAMP (6), 
	"AUTHOR_ID" NUMBER(*,0)
   ) SEGMENT CREATION IMMEDIATE 
  PCTFREE 10 PCTUSED 40 INITRANS 1 MAXTRANS 255 NOCOMPRESS LOGGING
  STORAGE(INITIAL 65536 NEXT 1048576 MINEXTENTS 1 MAXEXTENTS 2147483645
  PCTINCREASE 0 FREELISTS 1 FREELIST GROUPS 1 BUFFER_POOL DEFAULT FLASH_CACHE DEFAULT CELL_FLASH_CACHE DEFAULT)
  TABLESPACE "SYSTEM" 
 LOB ("TEXT") STORE AS BASICFILE (
  TABLESPACE "SYSTEM" ENABLE STORAGE IN ROW CHUNK 8192 RETENTION 
  NOCACHE LOGGING 
  STORAGE(INITIAL 65536 NEXT 1048576 MINEXTENTS 1 MAXEXTENTS 2147483645
  PCTINCREASE 0 FREELISTS 1 FREELIST GROUPS 1 BUFFER_POOL DEFAULT FLASH_CACHE DEFAULT CELL_FLASH_CACHE DEFAULT)) ;
--------------------------------------------------------
--  DDL for Table ISSUE_LOGS
--------------------------------------------------------

  CREATE TABLE "SNECH_DB"."ISSUE_LOGS" 
   (	"LOG_ID" NUMBER(*,0), 
	"ISSUE_ID" NUMBER(*,0), 
	"LOG_TYPE" VARCHAR2(20 BYTE), 
	"AUTHOR_LOGIN" VARCHAR2(20 BYTE), 
	"DESCRIPTION" VARCHAR2(255 BYTE), 
	"CREATED_ON" TIMESTAMP (6)
   ) SEGMENT CREATION IMMEDIATE 
  PCTFREE 10 PCTUSED 40 INITRANS 1 MAXTRANS 255 NOCOMPRESS LOGGING
  STORAGE(INITIAL 65536 NEXT 1048576 MINEXTENTS 1 MAXEXTENTS 2147483645
  PCTINCREASE 0 FREELISTS 1 FREELIST GROUPS 1 BUFFER_POOL DEFAULT FLASH_CACHE DEFAULT CELL_FLASH_CACHE DEFAULT)
  TABLESPACE "SYSTEM" ;
--------------------------------------------------------
--  DDL for Table ISSUE_LOG_TYPES
--------------------------------------------------------

  CREATE TABLE "SNECH_DB"."ISSUE_LOG_TYPES" 
   (	"LOG_NAME" VARCHAR2(20 BYTE), 
	"DESCRIPTION" VARCHAR2(140 BYTE)
   ) SEGMENT CREATION IMMEDIATE 
  PCTFREE 10 PCTUSED 40 INITRANS 1 MAXTRANS 255 NOCOMPRESS LOGGING
  STORAGE(INITIAL 65536 NEXT 1048576 MINEXTENTS 1 MAXEXTENTS 2147483645
  PCTINCREASE 0 FREELISTS 1 FREELIST GROUPS 1 BUFFER_POOL DEFAULT FLASH_CACHE DEFAULT CELL_FLASH_CACHE DEFAULT)
  TABLESPACE "SYSTEM" ;
--------------------------------------------------------
--  DDL for Table ISSUE_PRIORITIES
--------------------------------------------------------

  CREATE TABLE "SNECH_DB"."ISSUE_PRIORITIES" 
   (	"CODE" VARCHAR2(10 BYTE), 
	"DESCRIPTION" VARCHAR2(140 BYTE)
   ) SEGMENT CREATION IMMEDIATE 
  PCTFREE 10 PCTUSED 40 INITRANS 1 MAXTRANS 255 NOCOMPRESS LOGGING
  STORAGE(INITIAL 65536 NEXT 1048576 MINEXTENTS 1 MAXEXTENTS 2147483645
  PCTINCREASE 0 FREELISTS 1 FREELIST GROUPS 1 BUFFER_POOL DEFAULT FLASH_CACHE DEFAULT CELL_FLASH_CACHE DEFAULT)
  TABLESPACE "SYSTEM" ;
--------------------------------------------------------
--  DDL for Table ISSUES
--------------------------------------------------------

  CREATE TABLE "SNECH_DB"."ISSUES" 
   (	"ISSUE_ID" NUMBER(*,0), 
	"USER_LOGIN" VARCHAR2(20 BYTE), 
	"SUBJECT" VARCHAR2(1000 BYTE), 
	"CODE_PRIORITY" VARCHAR2(10 BYTE), 
	"CODE_STATUS" VARCHAR2(10 BYTE), 
	"ESTIMATED_TIME" TIMESTAMP (6), 
	"CREATED_ON" TIMESTAMP (6), 
	"LAST_UPDATE" TIMESTAMP (6), 
	"MESSAGE" VARCHAR2(1000 BYTE), 
	"PROGRESS" NUMBER(10,0)
   ) SEGMENT CREATION IMMEDIATE 
  PCTFREE 10 PCTUSED 40 INITRANS 1 MAXTRANS 255 NOCOMPRESS LOGGING
  STORAGE(INITIAL 65536 NEXT 1048576 MINEXTENTS 1 MAXEXTENTS 2147483645
  PCTINCREASE 0 FREELISTS 1 FREELIST GROUPS 1 BUFFER_POOL DEFAULT FLASH_CACHE DEFAULT CELL_FLASH_CACHE DEFAULT)
  TABLESPACE "SYSTEM" ;
--------------------------------------------------------
--  DDL for Table ISSUE_STATUS
--------------------------------------------------------

  CREATE TABLE "SNECH_DB"."ISSUE_STATUS" 
   (	"CODE" VARCHAR2(10 BYTE), 
	"DESCRIPTION" VARCHAR2(140 BYTE)
   ) SEGMENT CREATION IMMEDIATE 
  PCTFREE 10 PCTUSED 40 INITRANS 1 MAXTRANS 255 NOCOMPRESS LOGGING
  STORAGE(INITIAL 65536 NEXT 1048576 MINEXTENTS 1 MAXEXTENTS 2147483645
  PCTINCREASE 0 FREELISTS 1 FREELIST GROUPS 1 BUFFER_POOL DEFAULT FLASH_CACHE DEFAULT CELL_FLASH_CACHE DEFAULT)
  TABLESPACE "SYSTEM" ;
--------------------------------------------------------
--  DDL for Table NOTICES
--------------------------------------------------------

  CREATE TABLE "SNECH_DB"."NOTICES" 
   (	"NOTICE_ID" NUMBER(*,0), 
	"SUBJECT" VARCHAR2(255 BYTE), 
	"CREATED_ON" TIMESTAMP (6), 
	"VISIBLE" CHAR(1 BYTE), 
	"AUTHOR_ID" NUMBER(*,0), 
	"MESSAGE" VARCHAR2(500 BYTE)
   ) SEGMENT CREATION IMMEDIATE 
  PCTFREE 10 PCTUSED 40 INITRANS 1 MAXTRANS 255 NOCOMPRESS LOGGING
  STORAGE(INITIAL 65536 NEXT 1048576 MINEXTENTS 1 MAXEXTENTS 2147483645
  PCTINCREASE 0 FREELISTS 1 FREELIST GROUPS 1 BUFFER_POOL DEFAULT FLASH_CACHE DEFAULT CELL_FLASH_CACHE DEFAULT)
  TABLESPACE "SYSTEM" ;
--------------------------------------------------------
--  DDL for Table USER_LOGINS
--------------------------------------------------------

  CREATE TABLE "SNECH_DB"."USER_LOGINS" 
   (	"LOGIN" VARCHAR2(20 BYTE), 
	"USER_ID" NUMBER(*,0), 
	"PASSWORD" VARCHAR2(64 BYTE), 
	"ROLE_ID" NUMBER(*,0), 
	"SALT" VARCHAR2(32 BYTE)
   ) SEGMENT CREATION IMMEDIATE 
  PCTFREE 10 PCTUSED 40 INITRANS 1 MAXTRANS 255 NOCOMPRESS LOGGING
  STORAGE(INITIAL 65536 NEXT 1048576 MINEXTENTS 1 MAXEXTENTS 2147483645
  PCTINCREASE 0 FREELISTS 1 FREELIST GROUPS 1 BUFFER_POOL DEFAULT FLASH_CACHE DEFAULT CELL_FLASH_CACHE DEFAULT)
  TABLESPACE "SYSTEM" ;
--------------------------------------------------------
--  DDL for Table USER_ROLES
--------------------------------------------------------

  CREATE TABLE "SNECH_DB"."USER_ROLES" 
   (	"ROLE_ID" NUMBER(*,0), 
	"ROLE_NAME" VARCHAR2(20 BYTE)
   ) SEGMENT CREATION IMMEDIATE 
  PCTFREE 10 PCTUSED 40 INITRANS 1 MAXTRANS 255 NOCOMPRESS LOGGING
  STORAGE(INITIAL 65536 NEXT 1048576 MINEXTENTS 1 MAXEXTENTS 2147483645
  PCTINCREASE 0 FREELISTS 1 FREELIST GROUPS 1 BUFFER_POOL DEFAULT FLASH_CACHE DEFAULT CELL_FLASH_CACHE DEFAULT)
  TABLESPACE "SYSTEM" ;
--------------------------------------------------------
--  DDL for Table USERS
--------------------------------------------------------

  CREATE TABLE "SNECH_DB"."USERS" 
   (	"USER_ID" NUMBER(*,0), 
	"FIRST_NAME" VARCHAR2(255 BYTE), 
	"LAST_NAME" VARCHAR2(255 BYTE), 
	"EMAIL" VARCHAR2(255 BYTE), 
	"OCCUPATION" VARCHAR2(255 BYTE), 
	"CREATED_ON" TIMESTAMP (6)
   ) SEGMENT CREATION IMMEDIATE 
  PCTFREE 10 PCTUSED 40 INITRANS 1 MAXTRANS 255 NOCOMPRESS LOGGING
  STORAGE(INITIAL 65536 NEXT 1048576 MINEXTENTS 1 MAXEXTENTS 2147483645
  PCTINCREASE 0 FREELISTS 1 FREELIST GROUPS 1 BUFFER_POOL DEFAULT FLASH_CACHE DEFAULT CELL_FLASH_CACHE DEFAULT)
  TABLESPACE "SYSTEM" ;
REM INSERTING into SNECH_DB.ASSIGNING_ISSUES
SET DEFINE OFF;
Insert into SNECH_DB.ASSIGNING_ISSUES (LOGIN,ISSUE_ID) values ('jano','275');
Insert into SNECH_DB.ASSIGNING_ISSUES (LOGIN,ISSUE_ID) values ('jano','277');
Insert into SNECH_DB.ASSIGNING_ISSUES (LOGIN,ISSUE_ID) values ('jano','279');
Insert into SNECH_DB.ASSIGNING_ISSUES (LOGIN,ISSUE_ID) values ('jano','281');
Insert into SNECH_DB.ASSIGNING_ISSUES (LOGIN,ISSUE_ID) values ('jano','283');
Insert into SNECH_DB.ASSIGNING_ISSUES (LOGIN,ISSUE_ID) values ('robert_d','275');
Insert into SNECH_DB.ASSIGNING_ISSUES (LOGIN,ISSUE_ID) values ('robert_d','277');
Insert into SNECH_DB.ASSIGNING_ISSUES (LOGIN,ISSUE_ID) values ('robert_d','283');
Insert into SNECH_DB.ASSIGNING_ISSUES (LOGIN,ISSUE_ID) values ('slanina','283');
REM INSERTING into SNECH_DB.ATTACHMENTS
SET DEFINE OFF;
Insert into SNECH_DB.ATTACHMENTS (ATTACHMENT_ID,ISSUE_ID,FILE_URL,FILE_NAME,FILE_SIZE) values ('9','239','C%3A%5Ctomcat%5Ctemp%5Cuploads%5C34-0CY11%5Cspring_34-++++++++wallpaper-1920x1080.jpg','spring_34-        wallpaper-1920x1080.jpg','0');
Insert into SNECH_DB.ATTACHMENTS (ATTACHMENT_ID,ISSUE_ID,FILE_URL,FILE_NAME,FILE_SIZE) values ('10','241','C%3A%5Ctomcat%5Ctemp%5Cuploads%5C35-sI7Ji%5Cspring_34-++++++++wallpaper-1920x1080.jpg','spring_34-++++++++wallpaper-1920x1080.jpg','0');
Insert into SNECH_DB.ATTACHMENTS (ATTACHMENT_ID,ISSUE_ID,FILE_URL,FILE_NAME,FILE_SIZE) values ('28','243','C%3A%5Ctomcat%5Ctemp%5Cuploads%5C40-T85qL%5Cchipset_intel_Lynx+Point_9.4.0.1023_0x30c0e0a8_818700.zip','chipset_intel_Lynx+Point_9.4.0.1023_0x30c0e0a8_818700.zip','0');
Insert into SNECH_DB.ATTACHMENTS (ATTACHMENT_ID,ISSUE_ID,FILE_URL,FILE_NAME,FILE_SIZE) values ('38','251','C%3A%5Ctomcat%5Ctemp%5Cuploads%5C59-R9C9u%5CSkypeSetup.exe','SkypeSetup.exe','0');
Insert into SNECH_DB.ATTACHMENTS (ATTACHMENT_ID,ISSUE_ID,FILE_URL,FILE_NAME,FILE_SIZE) values ('36','245','C%3A%5Ctomcat%5Ctemp%5Cuploads%5C57-uqr26%5Cchipset_intel_Lynx+Point_9.4.0.1023_0x30c0e0a8_818700.zip','chipset_intel_Lynx+Point_9.4.0.1023_0x30c0e0a8_818700.zip','0');
Insert into SNECH_DB.ATTACHMENTS (ATTACHMENT_ID,ISSUE_ID,FILE_URL,FILE_NAME,FILE_SIZE) values ('32','249','C%3A%5Ctomcat%5Ctemp%5Cuploads%5C51-eyzvA%5Cchipset_intel_Lynx+Point_9.4.0.1023_0x30c0e0a8_818700.zip','chipset_intel_Lynx+Point_9.4.0.1023_0x30c0e0a8_818700.zip','0');
Insert into SNECH_DB.ATTACHMENTS (ATTACHMENT_ID,ISSUE_ID,FILE_URL,FILE_NAME,FILE_SIZE) values ('37','247','C%3A%5Ctomcat%5Ctemp%5Cuploads%5C58-kvQLl%5Cchipset_intel_Lynx+Point_9.4.0.1023_0x30c0e0a8_818700.zip','chipset_intel_Lynx+Point_9.4.0.1023_0x30c0e0a8_818700.zip','0');
Insert into SNECH_DB.ATTACHMENTS (ATTACHMENT_ID,ISSUE_ID,FILE_URL,FILE_NAME,FILE_SIZE) values ('64','265','C%3A%5Ctomcat%5Ctemp%5Cuploads%5C69-CZUFl%5Cspring_34-++++++++wallpaper-1920x1080.jpg','spring_34-++++++++wallpaper-1920x1080.jpg','0');
Insert into SNECH_DB.ATTACHMENTS (ATTACHMENT_ID,ISSUE_ID,FILE_URL,FILE_NAME,FILE_SIZE) values ('44','259','C%3A%5Ctomcat%5Ctemp%5Cuploads%5C65-ruxDi%5CThe-Walking++++-Dead-S05E15%280000252205%29.srt','The-Walking++++-Dead-S05E15%280000252205%29.srt','0');
Insert into SNECH_DB.ATTACHMENTS (ATTACHMENT_ID,ISSUE_ID,FILE_URL,FILE_NAME,FILE_SIZE) values ('43','259','C%3A%5Ctomcat%5Ctemp%5Cuploads%5C64-Nqzem%5Cspring_34-++++++++wallpaper-1920x1080.jpg','spring_34-++++++++wallpaper-1920x1080.jpg','0');
Insert into SNECH_DB.ATTACHMENTS (ATTACHMENT_ID,ISSUE_ID,FILE_URL,FILE_NAME,FILE_SIZE) values ('121','275','C%3A%5Ctomcat%5Ctemp%5Cuploads%5C91-svmEE%5CDSC_0733.JPG','DSC_0733.JPG','0');
Insert into SNECH_DB.ATTACHMENTS (ATTACHMENT_ID,ISSUE_ID,FILE_URL,FILE_NAME,FILE_SIZE) values ('63','263','C%3A%5Ctomcat%5Ctemp%5Cuploads%5C68-fyxTm%5Capache-maven-3.3.1-bin.zip','apache-maven-3.3.1-bin.zip','0');
Insert into SNECH_DB.ATTACHMENTS (ATTACHMENT_ID,ISSUE_ID,FILE_URL,FILE_NAME,FILE_SIZE) values ('69','269','C%3A%5Ctomcat%5Ctemp%5Cuploads%5C72-uqtE8%5CPokladna2.java','Pokladna2.java','0');
Insert into SNECH_DB.ATTACHMENTS (ATTACHMENT_ID,ISSUE_ID,FILE_URL,FILE_NAME,FILE_SIZE) values ('67','267','C%3A%5Ctomcat%5Ctemp%5Cuploads%5C71-nqr78%5Cchipset_intel_Lynx+Point_9.4.0.1023_0x30c0e0a8_818700.zip','chipset_intel_Lynx+Point_9.4.0.1023_0x30c0e0a8_818700.zip','0');
Insert into SNECH_DB.ATTACHMENTS (ATTACHMENT_ID,ISSUE_ID,FILE_URL,FILE_NAME,FILE_SIZE) values ('70','271','C%3A%5Ctomcat%5Ctemp%5Cuploads%5C73-kWvMZ%5CradovanRacak.txt','radovanRacak.txt','0');
Insert into SNECH_DB.ATTACHMENTS (ATTACHMENT_ID,ISSUE_ID,FILE_URL,FILE_NAME,FILE_SIZE) values ('101','269','C%3A%5Ctomcat%5Ctemp%5Cuploads%5C83-YtSKd%5CEA.exe','EA.exe','0');
Insert into SNECH_DB.ATTACHMENTS (ATTACHMENT_ID,ISSUE_ID,FILE_URL,FILE_NAME,FILE_SIZE) values ('82','273','C%3A%5Ctomcat%5Ctemp%5Cuploads%5C79-p5Ju7%5CradovanRacak.txt','radovanRacak.txt','0');
Insert into SNECH_DB.ATTACHMENTS (ATTACHMENT_ID,ISSUE_ID,FILE_URL,FILE_NAME,FILE_SIZE) values ('122','279','C%3A%5Ctomcat%5Ctemp%5Cuploads%5C92-WxISO%5CDSC_0733.JPG','DSC_0733.JPG','0');
REM INSERTING into SNECH_DB.ISSUE_COMMENTS
SET DEFINE OFF;
REM INSERTING into SNECH_DB.ISSUE_LOGS
SET DEFINE OFF;
Insert into SNECH_DB.ISSUE_LOGS (LOG_ID,ISSUE_ID,LOG_TYPE,AUTHOR_LOGIN,DESCRIPTION,CREATED_ON) values ('68','129','AKTUALIZACIA','robert_u',null,to_timestamp('23.03.15 00:30:04,654000000','DD.MM.RR HH24:MI:SSXFF'));
Insert into SNECH_DB.ISSUE_LOGS (LOG_ID,ISSUE_ID,LOG_TYPE,AUTHOR_LOGIN,DESCRIPTION,CREATED_ON) values ('69','129','AKTUALIZACIA','robert_u',null,to_timestamp('23.03.15 15:19:48,232000000','DD.MM.RR HH24:MI:SSXFF'));
Insert into SNECH_DB.ISSUE_LOGS (LOG_ID,ISSUE_ID,LOG_TYPE,AUTHOR_LOGIN,DESCRIPTION,CREATED_ON) values ('70','131','VYTVORENIE','robert_u',null,to_timestamp('23.03.15 15:28:08,708000000','DD.MM.RR HH24:MI:SSXFF'));
Insert into SNECH_DB.ISSUE_LOGS (LOG_ID,ISSUE_ID,LOG_TYPE,AUTHOR_LOGIN,DESCRIPTION,CREATED_ON) values ('71','145','VYTVORENIE','robert_u',null,to_timestamp('26.03.15 01:25:40,950000000','DD.MM.RR HH24:MI:SSXFF'));
Insert into SNECH_DB.ISSUE_LOGS (LOG_ID,ISSUE_ID,LOG_TYPE,AUTHOR_LOGIN,DESCRIPTION,CREATED_ON) values ('81','147','VYTVORENIE','robert_u',null,to_timestamp('31.03.15 23:34:54,209000000','DD.MM.RR HH24:MI:SSXFF'));
Insert into SNECH_DB.ISSUE_LOGS (LOG_ID,ISSUE_ID,LOG_TYPE,AUTHOR_LOGIN,DESCRIPTION,CREATED_ON) values ('82','149','VYTVORENIE','robert_u',null,to_timestamp('31.03.15 23:35:33,254000000','DD.MM.RR HH24:MI:SSXFF'));
Insert into SNECH_DB.ISSUE_LOGS (LOG_ID,ISSUE_ID,LOG_TYPE,AUTHOR_LOGIN,DESCRIPTION,CREATED_ON) values ('83','151','VYTVORENIE','robert_u',null,to_timestamp('31.03.15 23:37:07,549000000','DD.MM.RR HH24:MI:SSXFF'));
Insert into SNECH_DB.ISSUE_LOGS (LOG_ID,ISSUE_ID,LOG_TYPE,AUTHOR_LOGIN,DESCRIPTION,CREATED_ON) values ('84','153','VYTVORENIE','robert_u',null,to_timestamp('31.03.15 23:37:56,842000000','DD.MM.RR HH24:MI:SSXFF'));
Insert into SNECH_DB.ISSUE_LOGS (LOG_ID,ISSUE_ID,LOG_TYPE,AUTHOR_LOGIN,DESCRIPTION,CREATED_ON) values ('85','155','VYTVORENIE','robert_u',null,to_timestamp('31.03.15 23:45:05,241000000','DD.MM.RR HH24:MI:SSXFF'));
Insert into SNECH_DB.ISSUE_LOGS (LOG_ID,ISSUE_ID,LOG_TYPE,AUTHOR_LOGIN,DESCRIPTION,CREATED_ON) values ('86','129','ZMAZANIE','robert_u',null,to_timestamp('31.03.15 23:45:46,982000000','DD.MM.RR HH24:MI:SSXFF'));
Insert into SNECH_DB.ISSUE_LOGS (LOG_ID,ISSUE_ID,LOG_TYPE,AUTHOR_LOGIN,DESCRIPTION,CREATED_ON) values ('87','131','ZMAZANIE','robert_u',null,to_timestamp('31.03.15 23:45:46,990000000','DD.MM.RR HH24:MI:SSXFF'));
Insert into SNECH_DB.ISSUE_LOGS (LOG_ID,ISSUE_ID,LOG_TYPE,AUTHOR_LOGIN,DESCRIPTION,CREATED_ON) values ('88','145','ZMAZANIE','robert_u',null,to_timestamp('31.03.15 23:45:46,996000000','DD.MM.RR HH24:MI:SSXFF'));
Insert into SNECH_DB.ISSUE_LOGS (LOG_ID,ISSUE_ID,LOG_TYPE,AUTHOR_LOGIN,DESCRIPTION,CREATED_ON) values ('89','147','ZMAZANIE','robert_u',null,to_timestamp('31.03.15 23:45:47,000000000','DD.MM.RR HH24:MI:SSXFF'));
Insert into SNECH_DB.ISSUE_LOGS (LOG_ID,ISSUE_ID,LOG_TYPE,AUTHOR_LOGIN,DESCRIPTION,CREATED_ON) values ('90','149','ZMAZANIE','robert_u',null,to_timestamp('31.03.15 23:45:47,005000000','DD.MM.RR HH24:MI:SSXFF'));
Insert into SNECH_DB.ISSUE_LOGS (LOG_ID,ISSUE_ID,LOG_TYPE,AUTHOR_LOGIN,DESCRIPTION,CREATED_ON) values ('91','157','VYTVORENIE','robert_u',null,to_timestamp('01.04.15 00:57:54,210000000','DD.MM.RR HH24:MI:SSXFF'));
Insert into SNECH_DB.ISSUE_LOGS (LOG_ID,ISSUE_ID,LOG_TYPE,AUTHOR_LOGIN,DESCRIPTION,CREATED_ON) values ('101','159','VYTVORENIE','robert_u',null,to_timestamp('04.04.15 15:57:59,968000000','DD.MM.RR HH24:MI:SSXFF'));
Insert into SNECH_DB.ISSUE_LOGS (LOG_ID,ISSUE_ID,LOG_TYPE,AUTHOR_LOGIN,DESCRIPTION,CREATED_ON) values ('102','163','VYTVORENIE','robert_u',null,to_timestamp('04.04.15 16:39:24,679000000','DD.MM.RR HH24:MI:SSXFF'));
Insert into SNECH_DB.ISSUE_LOGS (LOG_ID,ISSUE_ID,LOG_TYPE,AUTHOR_LOGIN,DESCRIPTION,CREATED_ON) values ('103','165','VYTVORENIE','robert_u',null,to_timestamp('04.04.15 16:41:38,235000000','DD.MM.RR HH24:MI:SSXFF'));
Insert into SNECH_DB.ISSUE_LOGS (LOG_ID,ISSUE_ID,LOG_TYPE,AUTHOR_LOGIN,DESCRIPTION,CREATED_ON) values ('104','167','VYTVORENIE','robert_u',null,to_timestamp('04.04.15 16:42:06,584000000','DD.MM.RR HH24:MI:SSXFF'));
Insert into SNECH_DB.ISSUE_LOGS (LOG_ID,ISSUE_ID,LOG_TYPE,AUTHOR_LOGIN,DESCRIPTION,CREATED_ON) values ('105','169','VYTVORENIE','robert_u',null,to_timestamp('04.04.15 16:43:01,299000000','DD.MM.RR HH24:MI:SSXFF'));
Insert into SNECH_DB.ISSUE_LOGS (LOG_ID,ISSUE_ID,LOG_TYPE,AUTHOR_LOGIN,DESCRIPTION,CREATED_ON) values ('106','171','VYTVORENIE','robert_u',null,to_timestamp('04.04.15 16:44:46,667000000','DD.MM.RR HH24:MI:SSXFF'));
Insert into SNECH_DB.ISSUE_LOGS (LOG_ID,ISSUE_ID,LOG_TYPE,AUTHOR_LOGIN,DESCRIPTION,CREATED_ON) values ('107','173','VYTVORENIE','robert_u',null,to_timestamp('04.04.15 16:45:04,893000000','DD.MM.RR HH24:MI:SSXFF'));
Insert into SNECH_DB.ISSUE_LOGS (LOG_ID,ISSUE_ID,LOG_TYPE,AUTHOR_LOGIN,DESCRIPTION,CREATED_ON) values ('108','175','VYTVORENIE','robert_u',null,to_timestamp('04.04.15 16:49:11,587000000','DD.MM.RR HH24:MI:SSXFF'));
Insert into SNECH_DB.ISSUE_LOGS (LOG_ID,ISSUE_ID,LOG_TYPE,AUTHOR_LOGIN,DESCRIPTION,CREATED_ON) values ('109','177','VYTVORENIE','robert_u',null,to_timestamp('04.04.15 16:49:57,329000000','DD.MM.RR HH24:MI:SSXFF'));
Insert into SNECH_DB.ISSUE_LOGS (LOG_ID,ISSUE_ID,LOG_TYPE,AUTHOR_LOGIN,DESCRIPTION,CREATED_ON) values ('110','179','VYTVORENIE','robert_u',null,to_timestamp('04.04.15 16:57:20,456000000','DD.MM.RR HH24:MI:SSXFF'));
Insert into SNECH_DB.ISSUE_LOGS (LOG_ID,ISSUE_ID,LOG_TYPE,AUTHOR_LOGIN,DESCRIPTION,CREATED_ON) values ('111','181','VYTVORENIE','robert_u',null,to_timestamp('04.04.15 16:57:37,620000000','DD.MM.RR HH24:MI:SSXFF'));
Insert into SNECH_DB.ISSUE_LOGS (LOG_ID,ISSUE_ID,LOG_TYPE,AUTHOR_LOGIN,DESCRIPTION,CREATED_ON) values ('112','187','VYTVORENIE','robert_u',null,to_timestamp('04.04.15 17:10:59,725000000','DD.MM.RR HH24:MI:SSXFF'));
Insert into SNECH_DB.ISSUE_LOGS (LOG_ID,ISSUE_ID,LOG_TYPE,AUTHOR_LOGIN,DESCRIPTION,CREATED_ON) values ('113','197','VYTVORENIE','robert_u',null,to_timestamp('04.04.15 17:30:05,273000000','DD.MM.RR HH24:MI:SSXFF'));
Insert into SNECH_DB.ISSUE_LOGS (LOG_ID,ISSUE_ID,LOG_TYPE,AUTHOR_LOGIN,DESCRIPTION,CREATED_ON) values ('63','123','ZMAZANIE','robert_u',null,to_timestamp('22.03.15 18:50:36,287000000','DD.MM.RR HH24:MI:SSXFF'));
Insert into SNECH_DB.ISSUE_LOGS (LOG_ID,ISSUE_ID,LOG_TYPE,AUTHOR_LOGIN,DESCRIPTION,CREATED_ON) values ('64','127','ZMAZANIE','robert_u',null,to_timestamp('22.03.15 18:50:48,356000000','DD.MM.RR HH24:MI:SSXFF'));
Insert into SNECH_DB.ISSUE_LOGS (LOG_ID,ISSUE_ID,LOG_TYPE,AUTHOR_LOGIN,DESCRIPTION,CREATED_ON) values ('65','129','VYTVORENIE','robert_u',null,to_timestamp('22.03.15 18:52:59,661000000','DD.MM.RR HH24:MI:SSXFF'));
Insert into SNECH_DB.ISSUE_LOGS (LOG_ID,ISSUE_ID,LOG_TYPE,AUTHOR_LOGIN,DESCRIPTION,CREATED_ON) values ('114','199','VYTVORENIE','robert_u',null,to_timestamp('04.04.15 17:30:31,360000000','DD.MM.RR HH24:MI:SSXFF'));
Insert into SNECH_DB.ISSUE_LOGS (LOG_ID,ISSUE_ID,LOG_TYPE,AUTHOR_LOGIN,DESCRIPTION,CREATED_ON) values ('115','201','VYTVORENIE','robert_u',null,to_timestamp('04.04.15 17:32:53,770000000','DD.MM.RR HH24:MI:SSXFF'));
Insert into SNECH_DB.ISSUE_LOGS (LOG_ID,ISSUE_ID,LOG_TYPE,AUTHOR_LOGIN,DESCRIPTION,CREATED_ON) values ('116','203','VYTVORENIE','robert_u',null,to_timestamp('04.04.15 19:50:45,798000000','DD.MM.RR HH24:MI:SSXFF'));
Insert into SNECH_DB.ISSUE_LOGS (LOG_ID,ISSUE_ID,LOG_TYPE,AUTHOR_LOGIN,DESCRIPTION,CREATED_ON) values ('117','205','VYTVORENIE','robert_u',null,to_timestamp('04.04.15 19:52:38,665000000','DD.MM.RR HH24:MI:SSXFF'));
Insert into SNECH_DB.ISSUE_LOGS (LOG_ID,ISSUE_ID,LOG_TYPE,AUTHOR_LOGIN,DESCRIPTION,CREATED_ON) values ('118','209','VYTVORENIE','robert_u',null,to_timestamp('04.04.15 19:56:08,712000000','DD.MM.RR HH24:MI:SSXFF'));
Insert into SNECH_DB.ISSUE_LOGS (LOG_ID,ISSUE_ID,LOG_TYPE,AUTHOR_LOGIN,DESCRIPTION,CREATED_ON) values ('119','211','VYTVORENIE','robert_u',null,to_timestamp('04.04.15 19:56:35,690000000','DD.MM.RR HH24:MI:SSXFF'));
Insert into SNECH_DB.ISSUE_LOGS (LOG_ID,ISSUE_ID,LOG_TYPE,AUTHOR_LOGIN,DESCRIPTION,CREATED_ON) values ('120','213','VYTVORENIE','robert_u',null,to_timestamp('04.04.15 19:56:57,467000000','DD.MM.RR HH24:MI:SSXFF'));
Insert into SNECH_DB.ISSUE_LOGS (LOG_ID,ISSUE_ID,LOG_TYPE,AUTHOR_LOGIN,DESCRIPTION,CREATED_ON) values ('121','215','VYTVORENIE','robert_u',null,to_timestamp('04.04.15 20:01:06,676000000','DD.MM.RR HH24:MI:SSXFF'));
Insert into SNECH_DB.ISSUE_LOGS (LOG_ID,ISSUE_ID,LOG_TYPE,AUTHOR_LOGIN,DESCRIPTION,CREATED_ON) values ('122','217','VYTVORENIE','robert_u',null,to_timestamp('04.04.15 20:02:09,059000000','DD.MM.RR HH24:MI:SSXFF'));
Insert into SNECH_DB.ISSUE_LOGS (LOG_ID,ISSUE_ID,LOG_TYPE,AUTHOR_LOGIN,DESCRIPTION,CREATED_ON) values ('123','219','VYTVORENIE','robert_u',null,to_timestamp('04.04.15 20:20:33,628000000','DD.MM.RR HH24:MI:SSXFF'));
Insert into SNECH_DB.ISSUE_LOGS (LOG_ID,ISSUE_ID,LOG_TYPE,AUTHOR_LOGIN,DESCRIPTION,CREATED_ON) values ('124','221','VYTVORENIE','robert_u',null,to_timestamp('04.04.15 20:48:19,837000000','DD.MM.RR HH24:MI:SSXFF'));
Insert into SNECH_DB.ISSUE_LOGS (LOG_ID,ISSUE_ID,LOG_TYPE,AUTHOR_LOGIN,DESCRIPTION,CREATED_ON) values ('125','223','VYTVORENIE','robert_u',null,to_timestamp('04.04.15 21:37:08,802000000','DD.MM.RR HH24:MI:SSXFF'));
Insert into SNECH_DB.ISSUE_LOGS (LOG_ID,ISSUE_ID,LOG_TYPE,AUTHOR_LOGIN,DESCRIPTION,CREATED_ON) values ('126','225','VYTVORENIE','robert_u',null,to_timestamp('04.04.15 21:39:35,154000000','DD.MM.RR HH24:MI:SSXFF'));
Insert into SNECH_DB.ISSUE_LOGS (LOG_ID,ISSUE_ID,LOG_TYPE,AUTHOR_LOGIN,DESCRIPTION,CREATED_ON) values ('127','227','VYTVORENIE','robert_u',null,to_timestamp('04.04.15 21:42:05,625000000','DD.MM.RR HH24:MI:SSXFF'));
Insert into SNECH_DB.ISSUE_LOGS (LOG_ID,ISSUE_ID,LOG_TYPE,AUTHOR_LOGIN,DESCRIPTION,CREATED_ON) values ('128','229','VYTVORENIE','robert_u',null,to_timestamp('04.04.15 21:44:12,745000000','DD.MM.RR HH24:MI:SSXFF'));
Insert into SNECH_DB.ISSUE_LOGS (LOG_ID,ISSUE_ID,LOG_TYPE,AUTHOR_LOGIN,DESCRIPTION,CREATED_ON) values ('129','231','VYTVORENIE','robert_u',null,to_timestamp('04.04.15 21:46:38,494000000','DD.MM.RR HH24:MI:SSXFF'));
Insert into SNECH_DB.ISSUE_LOGS (LOG_ID,ISSUE_ID,LOG_TYPE,AUTHOR_LOGIN,DESCRIPTION,CREATED_ON) values ('130','233','VYTVORENIE','robert_u',null,to_timestamp('04.04.15 21:49:15,523000000','DD.MM.RR HH24:MI:SSXFF'));
Insert into SNECH_DB.ISSUE_LOGS (LOG_ID,ISSUE_ID,LOG_TYPE,AUTHOR_LOGIN,DESCRIPTION,CREATED_ON) values ('131','235','VYTVORENIE','robert_u',null,to_timestamp('04.04.15 21:50:04,910000000','DD.MM.RR HH24:MI:SSXFF'));
Insert into SNECH_DB.ISSUE_LOGS (LOG_ID,ISSUE_ID,LOG_TYPE,AUTHOR_LOGIN,DESCRIPTION,CREATED_ON) values ('132','237','VYTVORENIE','robert_u',null,to_timestamp('04.04.15 22:02:31,860000000','DD.MM.RR HH24:MI:SSXFF'));
Insert into SNECH_DB.ISSUE_LOGS (LOG_ID,ISSUE_ID,LOG_TYPE,AUTHOR_LOGIN,DESCRIPTION,CREATED_ON) values ('133','239','VYTVORENIE','robert_u',null,to_timestamp('04.04.15 22:04:08,249000000','DD.MM.RR HH24:MI:SSXFF'));
Insert into SNECH_DB.ISSUE_LOGS (LOG_ID,ISSUE_ID,LOG_TYPE,AUTHOR_LOGIN,DESCRIPTION,CREATED_ON) values ('134','241','VYTVORENIE','robert_u',null,to_timestamp('04.04.15 22:07:59,218000000','DD.MM.RR HH24:MI:SSXFF'));
Insert into SNECH_DB.ISSUE_LOGS (LOG_ID,ISSUE_ID,LOG_TYPE,AUTHOR_LOGIN,DESCRIPTION,CREATED_ON) values ('135','151','ZMAZANIE','robert_u',null,to_timestamp('04.04.15 23:13:27,921000000','DD.MM.RR HH24:MI:SSXFF'));
Insert into SNECH_DB.ISSUE_LOGS (LOG_ID,ISSUE_ID,LOG_TYPE,AUTHOR_LOGIN,DESCRIPTION,CREATED_ON) values ('136','153','ZMAZANIE','robert_u',null,to_timestamp('04.04.15 23:13:27,924000000','DD.MM.RR HH24:MI:SSXFF'));
Insert into SNECH_DB.ISSUE_LOGS (LOG_ID,ISSUE_ID,LOG_TYPE,AUTHOR_LOGIN,DESCRIPTION,CREATED_ON) values ('137','155','ZMAZANIE','robert_u',null,to_timestamp('04.04.15 23:13:27,927000000','DD.MM.RR HH24:MI:SSXFF'));
Insert into SNECH_DB.ISSUE_LOGS (LOG_ID,ISSUE_ID,LOG_TYPE,AUTHOR_LOGIN,DESCRIPTION,CREATED_ON) values ('138','157','ZMAZANIE','robert_u',null,to_timestamp('04.04.15 23:13:27,930000000','DD.MM.RR HH24:MI:SSXFF'));
Insert into SNECH_DB.ISSUE_LOGS (LOG_ID,ISSUE_ID,LOG_TYPE,AUTHOR_LOGIN,DESCRIPTION,CREATED_ON) values ('139','159','ZMAZANIE','robert_u',null,to_timestamp('04.04.15 23:13:27,931000000','DD.MM.RR HH24:MI:SSXFF'));
Insert into SNECH_DB.ISSUE_LOGS (LOG_ID,ISSUE_ID,LOG_TYPE,AUTHOR_LOGIN,DESCRIPTION,CREATED_ON) values ('140','163','ZMAZANIE','robert_u',null,to_timestamp('04.04.15 23:13:35,981000000','DD.MM.RR HH24:MI:SSXFF'));
Insert into SNECH_DB.ISSUE_LOGS (LOG_ID,ISSUE_ID,LOG_TYPE,AUTHOR_LOGIN,DESCRIPTION,CREATED_ON) values ('141','165','ZMAZANIE','robert_u',null,to_timestamp('04.04.15 23:13:35,983000000','DD.MM.RR HH24:MI:SSXFF'));
Insert into SNECH_DB.ISSUE_LOGS (LOG_ID,ISSUE_ID,LOG_TYPE,AUTHOR_LOGIN,DESCRIPTION,CREATED_ON) values ('142','167','ZMAZANIE','robert_u',null,to_timestamp('04.04.15 23:13:35,987000000','DD.MM.RR HH24:MI:SSXFF'));
Insert into SNECH_DB.ISSUE_LOGS (LOG_ID,ISSUE_ID,LOG_TYPE,AUTHOR_LOGIN,DESCRIPTION,CREATED_ON) values ('143','169','ZMAZANIE','robert_u',null,to_timestamp('04.04.15 23:13:35,991000000','DD.MM.RR HH24:MI:SSXFF'));
Insert into SNECH_DB.ISSUE_LOGS (LOG_ID,ISSUE_ID,LOG_TYPE,AUTHOR_LOGIN,DESCRIPTION,CREATED_ON) values ('144','171','ZMAZANIE','robert_u',null,to_timestamp('04.04.15 23:13:35,993000000','DD.MM.RR HH24:MI:SSXFF'));
Insert into SNECH_DB.ISSUE_LOGS (LOG_ID,ISSUE_ID,LOG_TYPE,AUTHOR_LOGIN,DESCRIPTION,CREATED_ON) values ('145','237','ZMAZANIE','robert_u',null,to_timestamp('04.04.15 23:13:46,597000000','DD.MM.RR HH24:MI:SSXFF'));
Insert into SNECH_DB.ISSUE_LOGS (LOG_ID,ISSUE_ID,LOG_TYPE,AUTHOR_LOGIN,DESCRIPTION,CREATED_ON) values ('146','239','ZMAZANIE','robert_u',null,to_timestamp('04.04.15 23:13:46,599000000','DD.MM.RR HH24:MI:SSXFF'));
Insert into SNECH_DB.ISSUE_LOGS (LOG_ID,ISSUE_ID,LOG_TYPE,AUTHOR_LOGIN,DESCRIPTION,CREATED_ON) values ('147','241','ZMAZANIE','robert_u',null,to_timestamp('04.04.15 23:13:46,601000000','DD.MM.RR HH24:MI:SSXFF'));
Insert into SNECH_DB.ISSUE_LOGS (LOG_ID,ISSUE_ID,LOG_TYPE,AUTHOR_LOGIN,DESCRIPTION,CREATED_ON) values ('148','227','ZMAZANIE','robert_u',null,to_timestamp('04.04.15 23:13:53,189000000','DD.MM.RR HH24:MI:SSXFF'));
Insert into SNECH_DB.ISSUE_LOGS (LOG_ID,ISSUE_ID,LOG_TYPE,AUTHOR_LOGIN,DESCRIPTION,CREATED_ON) values ('149','229','ZMAZANIE','robert_u',null,to_timestamp('04.04.15 23:13:53,191000000','DD.MM.RR HH24:MI:SSXFF'));
Insert into SNECH_DB.ISSUE_LOGS (LOG_ID,ISSUE_ID,LOG_TYPE,AUTHOR_LOGIN,DESCRIPTION,CREATED_ON) values ('150','231','ZMAZANIE','robert_u',null,to_timestamp('04.04.15 23:13:53,196000000','DD.MM.RR HH24:MI:SSXFF'));
Insert into SNECH_DB.ISSUE_LOGS (LOG_ID,ISSUE_ID,LOG_TYPE,AUTHOR_LOGIN,DESCRIPTION,CREATED_ON) values ('151','233','ZMAZANIE','robert_u',null,to_timestamp('04.04.15 23:13:53,199000000','DD.MM.RR HH24:MI:SSXFF'));
Insert into SNECH_DB.ISSUE_LOGS (LOG_ID,ISSUE_ID,LOG_TYPE,AUTHOR_LOGIN,DESCRIPTION,CREATED_ON) values ('152','235','ZMAZANIE','robert_u',null,to_timestamp('04.04.15 23:13:53,200000000','DD.MM.RR HH24:MI:SSXFF'));
Insert into SNECH_DB.ISSUE_LOGS (LOG_ID,ISSUE_ID,LOG_TYPE,AUTHOR_LOGIN,DESCRIPTION,CREATED_ON) values ('153','173','ZMAZANIE','robert_u',null,to_timestamp('04.04.15 23:14:07,397000000','DD.MM.RR HH24:MI:SSXFF'));
Insert into SNECH_DB.ISSUE_LOGS (LOG_ID,ISSUE_ID,LOG_TYPE,AUTHOR_LOGIN,DESCRIPTION,CREATED_ON) values ('154','175','ZMAZANIE','robert_u',null,to_timestamp('04.04.15 23:14:07,398000000','DD.MM.RR HH24:MI:SSXFF'));
Insert into SNECH_DB.ISSUE_LOGS (LOG_ID,ISSUE_ID,LOG_TYPE,AUTHOR_LOGIN,DESCRIPTION,CREATED_ON) values ('155','177','ZMAZANIE','robert_u',null,to_timestamp('04.04.15 23:14:07,399000000','DD.MM.RR HH24:MI:SSXFF'));
Insert into SNECH_DB.ISSUE_LOGS (LOG_ID,ISSUE_ID,LOG_TYPE,AUTHOR_LOGIN,DESCRIPTION,CREATED_ON) values ('156','179','ZMAZANIE','robert_u',null,to_timestamp('04.04.15 23:14:07,400000000','DD.MM.RR HH24:MI:SSXFF'));
Insert into SNECH_DB.ISSUE_LOGS (LOG_ID,ISSUE_ID,LOG_TYPE,AUTHOR_LOGIN,DESCRIPTION,CREATED_ON) values ('157','181','ZMAZANIE','robert_u',null,to_timestamp('04.04.15 23:14:07,403000000','DD.MM.RR HH24:MI:SSXFF'));
Insert into SNECH_DB.ISSUE_LOGS (LOG_ID,ISSUE_ID,LOG_TYPE,AUTHOR_LOGIN,DESCRIPTION,CREATED_ON) values ('158','217','ZMAZANIE','robert_u',null,to_timestamp('04.04.15 23:14:17,316000000','DD.MM.RR HH24:MI:SSXFF'));
Insert into SNECH_DB.ISSUE_LOGS (LOG_ID,ISSUE_ID,LOG_TYPE,AUTHOR_LOGIN,DESCRIPTION,CREATED_ON) values ('159','219','ZMAZANIE','robert_u',null,to_timestamp('04.04.15 23:14:17,317000000','DD.MM.RR HH24:MI:SSXFF'));
Insert into SNECH_DB.ISSUE_LOGS (LOG_ID,ISSUE_ID,LOG_TYPE,AUTHOR_LOGIN,DESCRIPTION,CREATED_ON) values ('160','221','ZMAZANIE','robert_u',null,to_timestamp('04.04.15 23:14:17,318000000','DD.MM.RR HH24:MI:SSXFF'));
Insert into SNECH_DB.ISSUE_LOGS (LOG_ID,ISSUE_ID,LOG_TYPE,AUTHOR_LOGIN,DESCRIPTION,CREATED_ON) values ('161','223','ZMAZANIE','robert_u',null,to_timestamp('04.04.15 23:14:17,320000000','DD.MM.RR HH24:MI:SSXFF'));
Insert into SNECH_DB.ISSUE_LOGS (LOG_ID,ISSUE_ID,LOG_TYPE,AUTHOR_LOGIN,DESCRIPTION,CREATED_ON) values ('162','225','ZMAZANIE','robert_u',null,to_timestamp('04.04.15 23:14:17,324000000','DD.MM.RR HH24:MI:SSXFF'));
Insert into SNECH_DB.ISSUE_LOGS (LOG_ID,ISSUE_ID,LOG_TYPE,AUTHOR_LOGIN,DESCRIPTION,CREATED_ON) values ('163','205','ZMAZANIE','robert_u',null,to_timestamp('04.04.15 23:14:23,277000000','DD.MM.RR HH24:MI:SSXFF'));
Insert into SNECH_DB.ISSUE_LOGS (LOG_ID,ISSUE_ID,LOG_TYPE,AUTHOR_LOGIN,DESCRIPTION,CREATED_ON) values ('164','209','ZMAZANIE','robert_u',null,to_timestamp('04.04.15 23:14:23,279000000','DD.MM.RR HH24:MI:SSXFF'));
Insert into SNECH_DB.ISSUE_LOGS (LOG_ID,ISSUE_ID,LOG_TYPE,AUTHOR_LOGIN,DESCRIPTION,CREATED_ON) values ('165','211','ZMAZANIE','robert_u',null,to_timestamp('04.04.15 23:14:23,281000000','DD.MM.RR HH24:MI:SSXFF'));
Insert into SNECH_DB.ISSUE_LOGS (LOG_ID,ISSUE_ID,LOG_TYPE,AUTHOR_LOGIN,DESCRIPTION,CREATED_ON) values ('166','213','ZMAZANIE','robert_u',null,to_timestamp('04.04.15 23:14:23,284000000','DD.MM.RR HH24:MI:SSXFF'));
Insert into SNECH_DB.ISSUE_LOGS (LOG_ID,ISSUE_ID,LOG_TYPE,AUTHOR_LOGIN,DESCRIPTION,CREATED_ON) values ('167','215','ZMAZANIE','robert_u',null,to_timestamp('04.04.15 23:14:23,287000000','DD.MM.RR HH24:MI:SSXFF'));
Insert into SNECH_DB.ISSUE_LOGS (LOG_ID,ISSUE_ID,LOG_TYPE,AUTHOR_LOGIN,DESCRIPTION,CREATED_ON) values ('168','187','ZMAZANIE','robert_u',null,to_timestamp('04.04.15 23:15:09,468000000','DD.MM.RR HH24:MI:SSXFF'));
Insert into SNECH_DB.ISSUE_LOGS (LOG_ID,ISSUE_ID,LOG_TYPE,AUTHOR_LOGIN,DESCRIPTION,CREATED_ON) values ('169','197','ZMAZANIE','robert_u',null,to_timestamp('04.04.15 23:15:09,469000000','DD.MM.RR HH24:MI:SSXFF'));
Insert into SNECH_DB.ISSUE_LOGS (LOG_ID,ISSUE_ID,LOG_TYPE,AUTHOR_LOGIN,DESCRIPTION,CREATED_ON) values ('170','199','ZMAZANIE','robert_u',null,to_timestamp('04.04.15 23:15:09,471000000','DD.MM.RR HH24:MI:SSXFF'));
Insert into SNECH_DB.ISSUE_LOGS (LOG_ID,ISSUE_ID,LOG_TYPE,AUTHOR_LOGIN,DESCRIPTION,CREATED_ON) values ('171','201','ZMAZANIE','robert_u',null,to_timestamp('04.04.15 23:15:09,474000000','DD.MM.RR HH24:MI:SSXFF'));
Insert into SNECH_DB.ISSUE_LOGS (LOG_ID,ISSUE_ID,LOG_TYPE,AUTHOR_LOGIN,DESCRIPTION,CREATED_ON) values ('172','203','ZMAZANIE','robert_u',null,to_timestamp('04.04.15 23:15:09,477000000','DD.MM.RR HH24:MI:SSXFF'));
Insert into SNECH_DB.ISSUE_LOGS (LOG_ID,ISSUE_ID,LOG_TYPE,AUTHOR_LOGIN,DESCRIPTION,CREATED_ON) values ('173','243','VYTVORENIE','robert_u',null,to_timestamp('04.04.15 23:15:21,801000000','DD.MM.RR HH24:MI:SSXFF'));
Insert into SNECH_DB.ISSUE_LOGS (LOG_ID,ISSUE_ID,LOG_TYPE,AUTHOR_LOGIN,DESCRIPTION,CREATED_ON) values ('174','245','VYTVORENIE','robert_u',null,to_timestamp('04.04.15 23:16:04,724000000','DD.MM.RR HH24:MI:SSXFF'));
Insert into SNECH_DB.ISSUE_LOGS (LOG_ID,ISSUE_ID,LOG_TYPE,AUTHOR_LOGIN,DESCRIPTION,CREATED_ON) values ('175','243','AKTUALIZACIA','robert_u',null,to_timestamp('05.04.15 01:14:31,303000000','DD.MM.RR HH24:MI:SSXFF'));
Insert into SNECH_DB.ISSUE_LOGS (LOG_ID,ISSUE_ID,LOG_TYPE,AUTHOR_LOGIN,DESCRIPTION,CREATED_ON) values ('181','245','AKTUALIZACIA','robert_u',null,to_timestamp('05.04.15 15:27:00,067000000','DD.MM.RR HH24:MI:SSXFF'));
Insert into SNECH_DB.ISSUE_LOGS (LOG_ID,ISSUE_ID,LOG_TYPE,AUTHOR_LOGIN,DESCRIPTION,CREATED_ON) values ('182','245','AKTUALIZACIA','robert_u',null,to_timestamp('05.04.15 15:30:31,758000000','DD.MM.RR HH24:MI:SSXFF'));
Insert into SNECH_DB.ISSUE_LOGS (LOG_ID,ISSUE_ID,LOG_TYPE,AUTHOR_LOGIN,DESCRIPTION,CREATED_ON) values ('183','243','AKTUALIZACIA','robert_u',null,to_timestamp('05.04.15 15:32:58,148000000','DD.MM.RR HH24:MI:SSXFF'));
Insert into SNECH_DB.ISSUE_LOGS (LOG_ID,ISSUE_ID,LOG_TYPE,AUTHOR_LOGIN,DESCRIPTION,CREATED_ON) values ('184','245','AKTUALIZACIA','robert_u',null,to_timestamp('05.04.15 15:45:56,450000000','DD.MM.RR HH24:MI:SSXFF'));
Insert into SNECH_DB.ISSUE_LOGS (LOG_ID,ISSUE_ID,LOG_TYPE,AUTHOR_LOGIN,DESCRIPTION,CREATED_ON) values ('185','245','AKTUALIZACIA','robert_u',null,to_timestamp('05.04.15 15:46:53,753000000','DD.MM.RR HH24:MI:SSXFF'));
Insert into SNECH_DB.ISSUE_LOGS (LOG_ID,ISSUE_ID,LOG_TYPE,AUTHOR_LOGIN,DESCRIPTION,CREATED_ON) values ('186','245','AKTUALIZACIA','robert_u',null,to_timestamp('05.04.15 15:48:27,602000000','DD.MM.RR HH24:MI:SSXFF'));
Insert into SNECH_DB.ISSUE_LOGS (LOG_ID,ISSUE_ID,LOG_TYPE,AUTHOR_LOGIN,DESCRIPTION,CREATED_ON) values ('187','245','AKTUALIZACIA','robert_u',null,to_timestamp('05.04.15 15:52:44,922000000','DD.MM.RR HH24:MI:SSXFF'));
Insert into SNECH_DB.ISSUE_LOGS (LOG_ID,ISSUE_ID,LOG_TYPE,AUTHOR_LOGIN,DESCRIPTION,CREATED_ON) values ('188','245','AKTUALIZACIA','robert_u',null,to_timestamp('05.04.15 15:52:49,502000000','DD.MM.RR HH24:MI:SSXFF'));
Insert into SNECH_DB.ISSUE_LOGS (LOG_ID,ISSUE_ID,LOG_TYPE,AUTHOR_LOGIN,DESCRIPTION,CREATED_ON) values ('189','245','AKTUALIZACIA','robert_u',null,to_timestamp('05.04.15 15:58:46,002000000','DD.MM.RR HH24:MI:SSXFF'));
Insert into SNECH_DB.ISSUE_LOGS (LOG_ID,ISSUE_ID,LOG_TYPE,AUTHOR_LOGIN,DESCRIPTION,CREATED_ON) values ('190','245','AKTUALIZACIA','robert_u',null,to_timestamp('05.04.15 15:59:42,870000000','DD.MM.RR HH24:MI:SSXFF'));
Insert into SNECH_DB.ISSUE_LOGS (LOG_ID,ISSUE_ID,LOG_TYPE,AUTHOR_LOGIN,DESCRIPTION,CREATED_ON) values ('191','245','AKTUALIZACIA','robert_u',null,to_timestamp('05.04.15 16:02:01,832000000','DD.MM.RR HH24:MI:SSXFF'));
Insert into SNECH_DB.ISSUE_LOGS (LOG_ID,ISSUE_ID,LOG_TYPE,AUTHOR_LOGIN,DESCRIPTION,CREATED_ON) values ('192','245','AKTUALIZACIA','robert_u',null,to_timestamp('05.04.15 16:06:06,994000000','DD.MM.RR HH24:MI:SSXFF'));
Insert into SNECH_DB.ISSUE_LOGS (LOG_ID,ISSUE_ID,LOG_TYPE,AUTHOR_LOGIN,DESCRIPTION,CREATED_ON) values ('193','245','AKTUALIZACIA','robert_u',null,to_timestamp('05.04.15 16:13:16,926000000','DD.MM.RR HH24:MI:SSXFF'));
Insert into SNECH_DB.ISSUE_LOGS (LOG_ID,ISSUE_ID,LOG_TYPE,AUTHOR_LOGIN,DESCRIPTION,CREATED_ON) values ('194','245','AKTUALIZACIA','robert_u',null,to_timestamp('05.04.15 16:14:18,007000000','DD.MM.RR HH24:MI:SSXFF'));
Insert into SNECH_DB.ISSUE_LOGS (LOG_ID,ISSUE_ID,LOG_TYPE,AUTHOR_LOGIN,DESCRIPTION,CREATED_ON) values ('195','245','AKTUALIZACIA','robert_u',null,to_timestamp('05.04.15 16:15:05,912000000','DD.MM.RR HH24:MI:SSXFF'));
Insert into SNECH_DB.ISSUE_LOGS (LOG_ID,ISSUE_ID,LOG_TYPE,AUTHOR_LOGIN,DESCRIPTION,CREATED_ON) values ('201','247','VYTVORENIE','robert_u',null,to_timestamp('06.04.15 19:24:45,637000000','DD.MM.RR HH24:MI:SSXFF'));
Insert into SNECH_DB.ISSUE_LOGS (LOG_ID,ISSUE_ID,LOG_TYPE,AUTHOR_LOGIN,DESCRIPTION,CREATED_ON) values ('202','247','AKTUALIZACIA','robert_u',null,to_timestamp('06.04.15 19:38:19,142000000','DD.MM.RR HH24:MI:SSXFF'));
Insert into SNECH_DB.ISSUE_LOGS (LOG_ID,ISSUE_ID,LOG_TYPE,AUTHOR_LOGIN,DESCRIPTION,CREATED_ON) values ('203','247','AKTUALIZACIA','robert_u',null,to_timestamp('06.04.15 19:48:57,621000000','DD.MM.RR HH24:MI:SSXFF'));
Insert into SNECH_DB.ISSUE_LOGS (LOG_ID,ISSUE_ID,LOG_TYPE,AUTHOR_LOGIN,DESCRIPTION,CREATED_ON) values ('204','247','AKTUALIZACIA','robert_u',null,to_timestamp('06.04.15 19:48:58,980000000','DD.MM.RR HH24:MI:SSXFF'));
Insert into SNECH_DB.ISSUE_LOGS (LOG_ID,ISSUE_ID,LOG_TYPE,AUTHOR_LOGIN,DESCRIPTION,CREATED_ON) values ('205','247','AKTUALIZACIA','robert_u',null,to_timestamp('06.04.15 19:48:59,730000000','DD.MM.RR HH24:MI:SSXFF'));
Insert into SNECH_DB.ISSUE_LOGS (LOG_ID,ISSUE_ID,LOG_TYPE,AUTHOR_LOGIN,DESCRIPTION,CREATED_ON) values ('206','247','AKTUALIZACIA','robert_u',null,to_timestamp('06.04.15 19:48:59,970000000','DD.MM.RR HH24:MI:SSXFF'));
Insert into SNECH_DB.ISSUE_LOGS (LOG_ID,ISSUE_ID,LOG_TYPE,AUTHOR_LOGIN,DESCRIPTION,CREATED_ON) values ('207','247','AKTUALIZACIA','robert_u',null,to_timestamp('06.04.15 19:49:00,532000000','DD.MM.RR HH24:MI:SSXFF'));
Insert into SNECH_DB.ISSUE_LOGS (LOG_ID,ISSUE_ID,LOG_TYPE,AUTHOR_LOGIN,DESCRIPTION,CREATED_ON) values ('208','247','AKTUALIZACIA','robert_u',null,to_timestamp('06.04.15 19:49:02,022000000','DD.MM.RR HH24:MI:SSXFF'));
Insert into SNECH_DB.ISSUE_LOGS (LOG_ID,ISSUE_ID,LOG_TYPE,AUTHOR_LOGIN,DESCRIPTION,CREATED_ON) values ('209','247','AKTUALIZACIA','robert_u',null,to_timestamp('06.04.15 19:49:02,197000000','DD.MM.RR HH24:MI:SSXFF'));
Insert into SNECH_DB.ISSUE_LOGS (LOG_ID,ISSUE_ID,LOG_TYPE,AUTHOR_LOGIN,DESCRIPTION,CREATED_ON) values ('210','247','AKTUALIZACIA','robert_u',null,to_timestamp('06.04.15 19:49:28,740000000','DD.MM.RR HH24:MI:SSXFF'));
Insert into SNECH_DB.ISSUE_LOGS (LOG_ID,ISSUE_ID,LOG_TYPE,AUTHOR_LOGIN,DESCRIPTION,CREATED_ON) values ('211','247','AKTUALIZACIA','robert_u',null,to_timestamp('06.04.15 21:02:55,482000000','DD.MM.RR HH24:MI:SSXFF'));
Insert into SNECH_DB.ISSUE_LOGS (LOG_ID,ISSUE_ID,LOG_TYPE,AUTHOR_LOGIN,DESCRIPTION,CREATED_ON) values ('212','247','AKTUALIZACIA','robert_u',null,to_timestamp('06.04.15 21:03:07,150000000','DD.MM.RR HH24:MI:SSXFF'));
Insert into SNECH_DB.ISSUE_LOGS (LOG_ID,ISSUE_ID,LOG_TYPE,AUTHOR_LOGIN,DESCRIPTION,CREATED_ON) values ('213','247','AKTUALIZACIA','robert_u',null,to_timestamp('06.04.15 21:08:41,330000000','DD.MM.RR HH24:MI:SSXFF'));
Insert into SNECH_DB.ISSUE_LOGS (LOG_ID,ISSUE_ID,LOG_TYPE,AUTHOR_LOGIN,DESCRIPTION,CREATED_ON) values ('214','247','AKTUALIZACIA','robert_u',null,to_timestamp('06.04.15 21:09:44,011000000','DD.MM.RR HH24:MI:SSXFF'));
Insert into SNECH_DB.ISSUE_LOGS (LOG_ID,ISSUE_ID,LOG_TYPE,AUTHOR_LOGIN,DESCRIPTION,CREATED_ON) values ('215','249','VYTVORENIE','robert_u',null,to_timestamp('06.04.15 21:14:56,524000000','DD.MM.RR HH24:MI:SSXFF'));
Insert into SNECH_DB.ISSUE_LOGS (LOG_ID,ISSUE_ID,LOG_TYPE,AUTHOR_LOGIN,DESCRIPTION,CREATED_ON) values ('216','249','AKTUALIZACIA','robert_u',null,to_timestamp('06.04.15 21:15:08,705000000','DD.MM.RR HH24:MI:SSXFF'));
Insert into SNECH_DB.ISSUE_LOGS (LOG_ID,ISSUE_ID,LOG_TYPE,AUTHOR_LOGIN,DESCRIPTION,CREATED_ON) values ('217','249','AKTUALIZACIA','robert_u',null,to_timestamp('06.04.15 21:15:12,562000000','DD.MM.RR HH24:MI:SSXFF'));
Insert into SNECH_DB.ISSUE_LOGS (LOG_ID,ISSUE_ID,LOG_TYPE,AUTHOR_LOGIN,DESCRIPTION,CREATED_ON) values ('218','243','AKTUALIZACIA','robert_u',null,to_timestamp('06.04.15 21:24:26,392000000','DD.MM.RR HH24:MI:SSXFF'));
Insert into SNECH_DB.ISSUE_LOGS (LOG_ID,ISSUE_ID,LOG_TYPE,AUTHOR_LOGIN,DESCRIPTION,CREATED_ON) values ('219','243','AKTUALIZACIA','robert_u',null,to_timestamp('06.04.15 21:27:17,182000000','DD.MM.RR HH24:MI:SSXFF'));
Insert into SNECH_DB.ISSUE_LOGS (LOG_ID,ISSUE_ID,LOG_TYPE,AUTHOR_LOGIN,DESCRIPTION,CREATED_ON) values ('220','243','AKTUALIZACIA','robert_u',null,to_timestamp('06.04.15 21:27:27,407000000','DD.MM.RR HH24:MI:SSXFF'));
Insert into SNECH_DB.ISSUE_LOGS (LOG_ID,ISSUE_ID,LOG_TYPE,AUTHOR_LOGIN,DESCRIPTION,CREATED_ON) values ('221','243','AKTUALIZACIA','robert_u',null,to_timestamp('06.04.15 21:28:16,903000000','DD.MM.RR HH24:MI:SSXFF'));
Insert into SNECH_DB.ISSUE_LOGS (LOG_ID,ISSUE_ID,LOG_TYPE,AUTHOR_LOGIN,DESCRIPTION,CREATED_ON) values ('222','243','AKTUALIZACIA','robert_u',null,to_timestamp('06.04.15 21:28:17,937000000','DD.MM.RR HH24:MI:SSXFF'));
Insert into SNECH_DB.ISSUE_LOGS (LOG_ID,ISSUE_ID,LOG_TYPE,AUTHOR_LOGIN,DESCRIPTION,CREATED_ON) values ('223','243','AKTUALIZACIA','robert_u',null,to_timestamp('06.04.15 21:28:18,687000000','DD.MM.RR HH24:MI:SSXFF'));
Insert into SNECH_DB.ISSUE_LOGS (LOG_ID,ISSUE_ID,LOG_TYPE,AUTHOR_LOGIN,DESCRIPTION,CREATED_ON) values ('224','243','AKTUALIZACIA','robert_u',null,to_timestamp('06.04.15 21:28:19,329000000','DD.MM.RR HH24:MI:SSXFF'));
Insert into SNECH_DB.ISSUE_LOGS (LOG_ID,ISSUE_ID,LOG_TYPE,AUTHOR_LOGIN,DESCRIPTION,CREATED_ON) values ('225','243','AKTUALIZACIA','robert_u',null,to_timestamp('06.04.15 21:28:56,436000000','DD.MM.RR HH24:MI:SSXFF'));
Insert into SNECH_DB.ISSUE_LOGS (LOG_ID,ISSUE_ID,LOG_TYPE,AUTHOR_LOGIN,DESCRIPTION,CREATED_ON) values ('226','243','AKTUALIZACIA','robert_u',null,to_timestamp('06.04.15 21:30:47,279000000','DD.MM.RR HH24:MI:SSXFF'));
Insert into SNECH_DB.ISSUE_LOGS (LOG_ID,ISSUE_ID,LOG_TYPE,AUTHOR_LOGIN,DESCRIPTION,CREATED_ON) values ('227','243','AKTUALIZACIA','robert_u',null,to_timestamp('06.04.15 21:31:01,853000000','DD.MM.RR HH24:MI:SSXFF'));
Insert into SNECH_DB.ISSUE_LOGS (LOG_ID,ISSUE_ID,LOG_TYPE,AUTHOR_LOGIN,DESCRIPTION,CREATED_ON) values ('228','249','AKTUALIZACIA','robert_u',null,to_timestamp('06.04.15 21:42:06,087000000','DD.MM.RR HH24:MI:SSXFF'));
Insert into SNECH_DB.ISSUE_LOGS (LOG_ID,ISSUE_ID,LOG_TYPE,AUTHOR_LOGIN,DESCRIPTION,CREATED_ON) values ('229','249','AKTUALIZACIA','robert_u',null,to_timestamp('06.04.15 21:42:48,146000000','DD.MM.RR HH24:MI:SSXFF'));
Insert into SNECH_DB.ISSUE_LOGS (LOG_ID,ISSUE_ID,LOG_TYPE,AUTHOR_LOGIN,DESCRIPTION,CREATED_ON) values ('230','249','AKTUALIZACIA','robert_u',null,to_timestamp('06.04.15 21:43:23,352000000','DD.MM.RR HH24:MI:SSXFF'));
Insert into SNECH_DB.ISSUE_LOGS (LOG_ID,ISSUE_ID,LOG_TYPE,AUTHOR_LOGIN,DESCRIPTION,CREATED_ON) values ('231','249','AKTUALIZACIA','robert_u',null,to_timestamp('06.04.15 21:43:29,904000000','DD.MM.RR HH24:MI:SSXFF'));
Insert into SNECH_DB.ISSUE_LOGS (LOG_ID,ISSUE_ID,LOG_TYPE,AUTHOR_LOGIN,DESCRIPTION,CREATED_ON) values ('232','249','AKTUALIZACIA','robert_u',null,to_timestamp('06.04.15 21:43:45,574000000','DD.MM.RR HH24:MI:SSXFF'));
Insert into SNECH_DB.ISSUE_LOGS (LOG_ID,ISSUE_ID,LOG_TYPE,AUTHOR_LOGIN,DESCRIPTION,CREATED_ON) values ('233','245','AKTUALIZACIA','robert_u',null,to_timestamp('06.04.15 21:44:47,446000000','DD.MM.RR HH24:MI:SSXFF'));
Insert into SNECH_DB.ISSUE_LOGS (LOG_ID,ISSUE_ID,LOG_TYPE,AUTHOR_LOGIN,DESCRIPTION,CREATED_ON) values ('234','245','AKTUALIZACIA','robert_u',null,to_timestamp('06.04.15 21:45:03,945000000','DD.MM.RR HH24:MI:SSXFF'));
Insert into SNECH_DB.ISSUE_LOGS (LOG_ID,ISSUE_ID,LOG_TYPE,AUTHOR_LOGIN,DESCRIPTION,CREATED_ON) values ('235','245','AKTUALIZACIA','robert_u',null,to_timestamp('06.04.15 21:45:33,242000000','DD.MM.RR HH24:MI:SSXFF'));
Insert into SNECH_DB.ISSUE_LOGS (LOG_ID,ISSUE_ID,LOG_TYPE,AUTHOR_LOGIN,DESCRIPTION,CREATED_ON) values ('236','247','AKTUALIZACIA','robert_u',null,to_timestamp('06.04.15 21:50:26,671000000','DD.MM.RR HH24:MI:SSXFF'));
Insert into SNECH_DB.ISSUE_LOGS (LOG_ID,ISSUE_ID,LOG_TYPE,AUTHOR_LOGIN,DESCRIPTION,CREATED_ON) values ('237','251','VYTVORENIE','robert_u',null,to_timestamp('06.04.15 21:59:16,993000000','DD.MM.RR HH24:MI:SSXFF'));
Insert into SNECH_DB.ISSUE_LOGS (LOG_ID,ISSUE_ID,LOG_TYPE,AUTHOR_LOGIN,DESCRIPTION,CREATED_ON) values ('238','249','AKTUALIZACIA','robert_u',null,to_timestamp('06.04.15 22:04:33,496000000','DD.MM.RR HH24:MI:SSXFF'));
Insert into SNECH_DB.ISSUE_LOGS (LOG_ID,ISSUE_ID,LOG_TYPE,AUTHOR_LOGIN,DESCRIPTION,CREATED_ON) values ('239','253','VYTVORENIE','robert_u',null,to_timestamp('06.04.15 22:08:40,778000000','DD.MM.RR HH24:MI:SSXFF'));
Insert into SNECH_DB.ISSUE_LOGS (LOG_ID,ISSUE_ID,LOG_TYPE,AUTHOR_LOGIN,DESCRIPTION,CREATED_ON) values ('240','255','VYTVORENIE','robert_d',null,to_timestamp('06.04.15 23:23:11,049000000','DD.MM.RR HH24:MI:SSXFF'));
Insert into SNECH_DB.ISSUE_LOGS (LOG_ID,ISSUE_ID,LOG_TYPE,AUTHOR_LOGIN,DESCRIPTION,CREATED_ON) values ('241','257','VYTVORENIE','robert_u',null,to_timestamp('07.04.15 14:39:58,582000000','DD.MM.RR HH24:MI:SSXFF'));
Insert into SNECH_DB.ISSUE_LOGS (LOG_ID,ISSUE_ID,LOG_TYPE,AUTHOR_LOGIN,DESCRIPTION,CREATED_ON) values ('242','259','VYTVORENIE','robert_u',null,to_timestamp('07.04.15 17:17:20,597000000','DD.MM.RR HH24:MI:SSXFF'));
Insert into SNECH_DB.ISSUE_LOGS (LOG_ID,ISSUE_ID,LOG_TYPE,AUTHOR_LOGIN,DESCRIPTION,CREATED_ON) values ('243','259','AKTUALIZACIA','robert_u',null,to_timestamp('07.04.15 17:17:54,233000000','DD.MM.RR HH24:MI:SSXFF'));
Insert into SNECH_DB.ISSUE_LOGS (LOG_ID,ISSUE_ID,LOG_TYPE,AUTHOR_LOGIN,DESCRIPTION,CREATED_ON) values ('244','243','ZMAZANIE','robert_u',null,to_timestamp('07.04.15 17:18:07,225000000','DD.MM.RR HH24:MI:SSXFF'));
Insert into SNECH_DB.ISSUE_LOGS (LOG_ID,ISSUE_ID,LOG_TYPE,AUTHOR_LOGIN,DESCRIPTION,CREATED_ON) values ('245','245','ZMAZANIE','robert_u',null,to_timestamp('07.04.15 17:18:07,226000000','DD.MM.RR HH24:MI:SSXFF'));
Insert into SNECH_DB.ISSUE_LOGS (LOG_ID,ISSUE_ID,LOG_TYPE,AUTHOR_LOGIN,DESCRIPTION,CREATED_ON) values ('246','259','ZMAZANIE','robert_u',null,to_timestamp('07.04.15 21:05:18,726000000','DD.MM.RR HH24:MI:SSXFF'));
Insert into SNECH_DB.ISSUE_LOGS (LOG_ID,ISSUE_ID,LOG_TYPE,AUTHOR_LOGIN,DESCRIPTION,CREATED_ON) values ('247','257','ZMAZANIE','robert_u',null,to_timestamp('07.04.15 21:05:28,221000000','DD.MM.RR HH24:MI:SSXFF'));
Insert into SNECH_DB.ISSUE_LOGS (LOG_ID,ISSUE_ID,LOG_TYPE,AUTHOR_LOGIN,DESCRIPTION,CREATED_ON) values ('248','247','ZMAZANIE','robert_u',null,to_timestamp('07.04.15 21:05:57,348000000','DD.MM.RR HH24:MI:SSXFF'));
Insert into SNECH_DB.ISSUE_LOGS (LOG_ID,ISSUE_ID,LOG_TYPE,AUTHOR_LOGIN,DESCRIPTION,CREATED_ON) values ('261','249','AKTUALIZACIA','robert_u',null,to_timestamp('08.04.15 18:29:42,560000000','DD.MM.RR HH24:MI:SSXFF'));
Insert into SNECH_DB.ISSUE_LOGS (LOG_ID,ISSUE_ID,LOG_TYPE,AUTHOR_LOGIN,DESCRIPTION,CREATED_ON) values ('262','249','AKTUALIZACIA','robert_u',null,to_timestamp('08.04.15 18:29:47,621000000','DD.MM.RR HH24:MI:SSXFF'));
Insert into SNECH_DB.ISSUE_LOGS (LOG_ID,ISSUE_ID,LOG_TYPE,AUTHOR_LOGIN,DESCRIPTION,CREATED_ON) values ('282','263','VYTVORENIE','robert_d',null,to_timestamp('09.04.15 08:46:36,014000000','DD.MM.RR HH24:MI:SSXFF'));
Insert into SNECH_DB.ISSUE_LOGS (LOG_ID,ISSUE_ID,LOG_TYPE,AUTHOR_LOGIN,DESCRIPTION,CREATED_ON) values ('283','265','VYTVORENIE','robert_d',null,to_timestamp('09.04.15 08:47:19,306000000','DD.MM.RR HH24:MI:SSXFF'));
Insert into SNECH_DB.ISSUE_LOGS (LOG_ID,ISSUE_ID,LOG_TYPE,AUTHOR_LOGIN,DESCRIPTION,CREATED_ON) values ('284','267','VYTVORENIE','robert_d',null,to_timestamp('09.04.15 15:14:31,122000000','DD.MM.RR HH24:MI:SSXFF'));
Insert into SNECH_DB.ISSUE_LOGS (LOG_ID,ISSUE_ID,LOG_TYPE,AUTHOR_LOGIN,DESCRIPTION,CREATED_ON) values ('285','263','ZMAZANIE','robert_d',null,to_timestamp('09.04.15 15:20:44,773000000','DD.MM.RR HH24:MI:SSXFF'));
Insert into SNECH_DB.ISSUE_LOGS (LOG_ID,ISSUE_ID,LOG_TYPE,AUTHOR_LOGIN,DESCRIPTION,CREATED_ON) values ('286','265','ZMAZANIE','robert_d',null,to_timestamp('09.04.15 15:20:44,777000000','DD.MM.RR HH24:MI:SSXFF'));
Insert into SNECH_DB.ISSUE_LOGS (LOG_ID,ISSUE_ID,LOG_TYPE,AUTHOR_LOGIN,DESCRIPTION,CREATED_ON) values ('287','255','ZMAZANIE','robert_d',null,to_timestamp('09.04.15 15:20:44,781000000','DD.MM.RR HH24:MI:SSXFF'));
Insert into SNECH_DB.ISSUE_LOGS (LOG_ID,ISSUE_ID,LOG_TYPE,AUTHOR_LOGIN,DESCRIPTION,CREATED_ON) values ('288','267','ZMAZANIE','robert_d',null,to_timestamp('09.04.15 15:22:08,793000000','DD.MM.RR HH24:MI:SSXFF'));
Insert into SNECH_DB.ISSUE_LOGS (LOG_ID,ISSUE_ID,LOG_TYPE,AUTHOR_LOGIN,DESCRIPTION,CREATED_ON) values ('289','269','VYTVORENIE','robert_d',null,to_timestamp('10.04.15 14:41:33,544000000','DD.MM.RR HH24:MI:SSXFF'));
Insert into SNECH_DB.ISSUE_LOGS (LOG_ID,ISSUE_ID,LOG_TYPE,AUTHOR_LOGIN,DESCRIPTION,CREATED_ON) values ('291','269','AKTUALIZACIA','robert_d',null,to_timestamp('10.04.15 15:12:02,962000000','DD.MM.RR HH24:MI:SSXFF'));
Insert into SNECH_DB.ISSUE_LOGS (LOG_ID,ISSUE_ID,LOG_TYPE,AUTHOR_LOGIN,DESCRIPTION,CREATED_ON) values ('292','263','AKTUALIZACIA','robert_d',null,to_timestamp('11.04.15 08:32:45,235000000','DD.MM.RR HH24:MI:SSXFF'));
Insert into SNECH_DB.ISSUE_LOGS (LOG_ID,ISSUE_ID,LOG_TYPE,AUTHOR_LOGIN,DESCRIPTION,CREATED_ON) values ('293','271','VYTVORENIE','robert_d',null,to_timestamp('11.04.15 09:26:48,265000000','DD.MM.RR HH24:MI:SSXFF'));
Insert into SNECH_DB.ISSUE_LOGS (LOG_ID,ISSUE_ID,LOG_TYPE,AUTHOR_LOGIN,DESCRIPTION,CREATED_ON) values ('294','263','AKTUALIZACIA','robert_d',null,to_timestamp('11.04.15 14:24:30,851000000','DD.MM.RR HH24:MI:SSXFF'));
Insert into SNECH_DB.ISSUE_LOGS (LOG_ID,ISSUE_ID,LOG_TYPE,AUTHOR_LOGIN,DESCRIPTION,CREATED_ON) values ('295','271','AKTUALIZACIA','robert_d',null,to_timestamp('11.04.15 15:00:05,560000000','DD.MM.RR HH24:MI:SSXFF'));
Insert into SNECH_DB.ISSUE_LOGS (LOG_ID,ISSUE_ID,LOG_TYPE,AUTHOR_LOGIN,DESCRIPTION,CREATED_ON) values ('296','271','AKTUALIZACIA','robert_d',null,to_timestamp('11.04.15 15:01:43,796000000','DD.MM.RR HH24:MI:SSXFF'));
Insert into SNECH_DB.ISSUE_LOGS (LOG_ID,ISSUE_ID,LOG_TYPE,AUTHOR_LOGIN,DESCRIPTION,CREATED_ON) values ('297','265','AKTUALIZACIA','robert_d',null,to_timestamp('11.04.15 15:02:14,602000000','DD.MM.RR HH24:MI:SSXFF'));
Insert into SNECH_DB.ISSUE_LOGS (LOG_ID,ISSUE_ID,LOG_TYPE,AUTHOR_LOGIN,DESCRIPTION,CREATED_ON) values ('298','265','AKTUALIZACIA','robert_d',null,to_timestamp('11.04.15 15:02:21,356000000','DD.MM.RR HH24:MI:SSXFF'));
Insert into SNECH_DB.ISSUE_LOGS (LOG_ID,ISSUE_ID,LOG_TYPE,AUTHOR_LOGIN,DESCRIPTION,CREATED_ON) values ('299','271','AKTUALIZACIA','robert_d',null,to_timestamp('11.04.15 16:30:09,777000000','DD.MM.RR HH24:MI:SSXFF'));
Insert into SNECH_DB.ISSUE_LOGS (LOG_ID,ISSUE_ID,LOG_TYPE,AUTHOR_LOGIN,DESCRIPTION,CREATED_ON) values ('300','271','AKTUALIZACIA','robert_d',null,to_timestamp('11.04.15 16:47:32,874000000','DD.MM.RR HH24:MI:SSXFF'));
Insert into SNECH_DB.ISSUE_LOGS (LOG_ID,ISSUE_ID,LOG_TYPE,AUTHOR_LOGIN,DESCRIPTION,CREATED_ON) values ('301','271','AKTUALIZACIA','robert_d',null,to_timestamp('11.04.15 16:47:37,324000000','DD.MM.RR HH24:MI:SSXFF'));
Insert into SNECH_DB.ISSUE_LOGS (LOG_ID,ISSUE_ID,LOG_TYPE,AUTHOR_LOGIN,DESCRIPTION,CREATED_ON) values ('302','271','AKTUALIZACIA','robert_d',null,to_timestamp('11.04.15 19:24:15,638000000','DD.MM.RR HH24:MI:SSXFF'));
Insert into SNECH_DB.ISSUE_LOGS (LOG_ID,ISSUE_ID,LOG_TYPE,AUTHOR_LOGIN,DESCRIPTION,CREATED_ON) values ('303','265','AKTUALIZACIA','robert_d',null,to_timestamp('11.04.15 19:28:13,031000000','DD.MM.RR HH24:MI:SSXFF'));
Insert into SNECH_DB.ISSUE_LOGS (LOG_ID,ISSUE_ID,LOG_TYPE,AUTHOR_LOGIN,DESCRIPTION,CREATED_ON) values ('304','265','AKTUALIZACIA','robert_d',null,to_timestamp('11.04.15 19:28:21,376000000','DD.MM.RR HH24:MI:SSXFF'));
Insert into SNECH_DB.ISSUE_LOGS (LOG_ID,ISSUE_ID,LOG_TYPE,AUTHOR_LOGIN,DESCRIPTION,CREATED_ON) values ('305','265','AKTUALIZACIA','robert_d',null,to_timestamp('11.04.15 19:28:35,054000000','DD.MM.RR HH24:MI:SSXFF'));
Insert into SNECH_DB.ISSUE_LOGS (LOG_ID,ISSUE_ID,LOG_TYPE,AUTHOR_LOGIN,DESCRIPTION,CREATED_ON) values ('306','265','AKTUALIZACIA','robert_d',null,to_timestamp('11.04.15 19:28:44,067000000','DD.MM.RR HH24:MI:SSXFF'));
Insert into SNECH_DB.ISSUE_LOGS (LOG_ID,ISSUE_ID,LOG_TYPE,AUTHOR_LOGIN,DESCRIPTION,CREATED_ON) values ('307','265','AKTUALIZACIA','robert_d',null,to_timestamp('11.04.15 19:29:34,086000000','DD.MM.RR HH24:MI:SSXFF'));
Insert into SNECH_DB.ISSUE_LOGS (LOG_ID,ISSUE_ID,LOG_TYPE,AUTHOR_LOGIN,DESCRIPTION,CREATED_ON) values ('308','265','AKTUALIZACIA','robert_d',null,to_timestamp('11.04.15 19:30:10,349000000','DD.MM.RR HH24:MI:SSXFF'));
Insert into SNECH_DB.ISSUE_LOGS (LOG_ID,ISSUE_ID,LOG_TYPE,AUTHOR_LOGIN,DESCRIPTION,CREATED_ON) values ('309','265','AKTUALIZACIA','robert_d',null,to_timestamp('11.04.15 19:30:19,697000000','DD.MM.RR HH24:MI:SSXFF'));
Insert into SNECH_DB.ISSUE_LOGS (LOG_ID,ISSUE_ID,LOG_TYPE,AUTHOR_LOGIN,DESCRIPTION,CREATED_ON) values ('310','265','AKTUALIZACIA','robert_d',null,to_timestamp('11.04.15 19:33:50,363000000','DD.MM.RR HH24:MI:SSXFF'));
Insert into SNECH_DB.ISSUE_LOGS (LOG_ID,ISSUE_ID,LOG_TYPE,AUTHOR_LOGIN,DESCRIPTION,CREATED_ON) values ('311','271','AKTUALIZACIA','robert_d',null,to_timestamp('11.04.15 19:35:07,376000000','DD.MM.RR HH24:MI:SSXFF'));
Insert into SNECH_DB.ISSUE_LOGS (LOG_ID,ISSUE_ID,LOG_TYPE,AUTHOR_LOGIN,DESCRIPTION,CREATED_ON) values ('312','271','AKTUALIZACIA','robert_d',null,to_timestamp('11.04.15 19:35:17,208000000','DD.MM.RR HH24:MI:SSXFF'));
Insert into SNECH_DB.ISSUE_LOGS (LOG_ID,ISSUE_ID,LOG_TYPE,AUTHOR_LOGIN,DESCRIPTION,CREATED_ON) values ('313','271','AKTUALIZACIA','robert_d',null,to_timestamp('11.04.15 19:35:24,969000000','DD.MM.RR HH24:MI:SSXFF'));
Insert into SNECH_DB.ISSUE_LOGS (LOG_ID,ISSUE_ID,LOG_TYPE,AUTHOR_LOGIN,DESCRIPTION,CREATED_ON) values ('314','271','AKTUALIZACIA','robert_d',null,to_timestamp('11.04.15 19:35:39,659000000','DD.MM.RR HH24:MI:SSXFF'));
Insert into SNECH_DB.ISSUE_LOGS (LOG_ID,ISSUE_ID,LOG_TYPE,AUTHOR_LOGIN,DESCRIPTION,CREATED_ON) values ('315','271','AKTUALIZACIA','robert_d',null,to_timestamp('11.04.15 19:35:46,283000000','DD.MM.RR HH24:MI:SSXFF'));
Insert into SNECH_DB.ISSUE_LOGS (LOG_ID,ISSUE_ID,LOG_TYPE,AUTHOR_LOGIN,DESCRIPTION,CREATED_ON) values ('316','271','AKTUALIZACIA','robert_d',null,to_timestamp('11.04.15 19:35:49,684000000','DD.MM.RR HH24:MI:SSXFF'));
Insert into SNECH_DB.ISSUE_LOGS (LOG_ID,ISSUE_ID,LOG_TYPE,AUTHOR_LOGIN,DESCRIPTION,CREATED_ON) values ('317','269','AKTUALIZACIA','robert_d',null,to_timestamp('11.04.15 19:36:00,505000000','DD.MM.RR HH24:MI:SSXFF'));
Insert into SNECH_DB.ISSUE_LOGS (LOG_ID,ISSUE_ID,LOG_TYPE,AUTHOR_LOGIN,DESCRIPTION,CREATED_ON) values ('318','269','AKTUALIZACIA','robert_d',null,to_timestamp('11.04.15 19:36:07,469000000','DD.MM.RR HH24:MI:SSXFF'));
Insert into SNECH_DB.ISSUE_LOGS (LOG_ID,ISSUE_ID,LOG_TYPE,AUTHOR_LOGIN,DESCRIPTION,CREATED_ON) values ('319','269','AKTUALIZACIA','robert_d',null,to_timestamp('11.04.15 19:36:14,017000000','DD.MM.RR HH24:MI:SSXFF'));
Insert into SNECH_DB.ISSUE_LOGS (LOG_ID,ISSUE_ID,LOG_TYPE,AUTHOR_LOGIN,DESCRIPTION,CREATED_ON) values ('320','269','AKTUALIZACIA','robert_d',null,to_timestamp('11.04.15 19:36:18,202000000','DD.MM.RR HH24:MI:SSXFF'));
Insert into SNECH_DB.ISSUE_LOGS (LOG_ID,ISSUE_ID,LOG_TYPE,AUTHOR_LOGIN,DESCRIPTION,CREATED_ON) values ('321','269','AKTUALIZACIA','robert_d',null,to_timestamp('11.04.15 19:36:21,571000000','DD.MM.RR HH24:MI:SSXFF'));
Insert into SNECH_DB.ISSUE_LOGS (LOG_ID,ISSUE_ID,LOG_TYPE,AUTHOR_LOGIN,DESCRIPTION,CREATED_ON) values ('322','271','AKTUALIZACIA','robert_d',null,to_timestamp('11.04.15 19:36:26,902000000','DD.MM.RR HH24:MI:SSXFF'));
Insert into SNECH_DB.ISSUE_LOGS (LOG_ID,ISSUE_ID,LOG_TYPE,AUTHOR_LOGIN,DESCRIPTION,CREATED_ON) values ('323','271','AKTUALIZACIA','robert_d',null,to_timestamp('11.04.15 19:36:33,841000000','DD.MM.RR HH24:MI:SSXFF'));
Insert into SNECH_DB.ISSUE_LOGS (LOG_ID,ISSUE_ID,LOG_TYPE,AUTHOR_LOGIN,DESCRIPTION,CREATED_ON) values ('324','271','AKTUALIZACIA','robert_d',null,to_timestamp('11.04.15 19:36:38,782000000','DD.MM.RR HH24:MI:SSXFF'));
Insert into SNECH_DB.ISSUE_LOGS (LOG_ID,ISSUE_ID,LOG_TYPE,AUTHOR_LOGIN,DESCRIPTION,CREATED_ON) values ('325','271','AKTUALIZACIA','robert_d',null,to_timestamp('11.04.15 19:36:44,208000000','DD.MM.RR HH24:MI:SSXFF'));
Insert into SNECH_DB.ISSUE_LOGS (LOG_ID,ISSUE_ID,LOG_TYPE,AUTHOR_LOGIN,DESCRIPTION,CREATED_ON) values ('326','271','AKTUALIZACIA','robert_d',null,to_timestamp('11.04.15 19:36:54,959000000','DD.MM.RR HH24:MI:SSXFF'));
Insert into SNECH_DB.ISSUE_LOGS (LOG_ID,ISSUE_ID,LOG_TYPE,AUTHOR_LOGIN,DESCRIPTION,CREATED_ON) values ('327','271','AKTUALIZACIA','robert_d',null,to_timestamp('11.04.15 19:36:58,417000000','DD.MM.RR HH24:MI:SSXFF'));
Insert into SNECH_DB.ISSUE_LOGS (LOG_ID,ISSUE_ID,LOG_TYPE,AUTHOR_LOGIN,DESCRIPTION,CREATED_ON) values ('328','271','AKTUALIZACIA','robert_d',null,to_timestamp('11.04.15 19:37:02,905000000','DD.MM.RR HH24:MI:SSXFF'));
Insert into SNECH_DB.ISSUE_LOGS (LOG_ID,ISSUE_ID,LOG_TYPE,AUTHOR_LOGIN,DESCRIPTION,CREATED_ON) values ('329','271','AKTUALIZACIA','robert_d',null,to_timestamp('11.04.15 19:37:15,451000000','DD.MM.RR HH24:MI:SSXFF'));
Insert into SNECH_DB.ISSUE_LOGS (LOG_ID,ISSUE_ID,LOG_TYPE,AUTHOR_LOGIN,DESCRIPTION,CREATED_ON) values ('330','271','AKTUALIZACIA','robert_d',null,to_timestamp('11.04.15 19:37:18,165000000','DD.MM.RR HH24:MI:SSXFF'));
Insert into SNECH_DB.ISSUE_LOGS (LOG_ID,ISSUE_ID,LOG_TYPE,AUTHOR_LOGIN,DESCRIPTION,CREATED_ON) values ('331','271','AKTUALIZACIA','robert_d',null,to_timestamp('11.04.15 19:37:23,375000000','DD.MM.RR HH24:MI:SSXFF'));
Insert into SNECH_DB.ISSUE_LOGS (LOG_ID,ISSUE_ID,LOG_TYPE,AUTHOR_LOGIN,DESCRIPTION,CREATED_ON) values ('332','271','AKTUALIZACIA','robert_d',null,to_timestamp('11.04.15 19:37:29,441000000','DD.MM.RR HH24:MI:SSXFF'));
Insert into SNECH_DB.ISSUE_LOGS (LOG_ID,ISSUE_ID,LOG_TYPE,AUTHOR_LOGIN,DESCRIPTION,CREATED_ON) values ('333','271','AKTUALIZACIA','robert_d',null,to_timestamp('11.04.15 19:37:41,685000000','DD.MM.RR HH24:MI:SSXFF'));
Insert into SNECH_DB.ISSUE_LOGS (LOG_ID,ISSUE_ID,LOG_TYPE,AUTHOR_LOGIN,DESCRIPTION,CREATED_ON) values ('334','271','AKTUALIZACIA','robert_d',null,to_timestamp('11.04.15 19:37:45,305000000','DD.MM.RR HH24:MI:SSXFF'));
Insert into SNECH_DB.ISSUE_LOGS (LOG_ID,ISSUE_ID,LOG_TYPE,AUTHOR_LOGIN,DESCRIPTION,CREATED_ON) values ('335','271','AKTUALIZACIA','robert_d',null,to_timestamp('11.04.15 19:37:56,000000000','DD.MM.RR HH24:MI:SSXFF'));
Insert into SNECH_DB.ISSUE_LOGS (LOG_ID,ISSUE_ID,LOG_TYPE,AUTHOR_LOGIN,DESCRIPTION,CREATED_ON) values ('336','271','AKTUALIZACIA','robert_d',null,to_timestamp('11.04.15 19:38:07,838000000','DD.MM.RR HH24:MI:SSXFF'));
Insert into SNECH_DB.ISSUE_LOGS (LOG_ID,ISSUE_ID,LOG_TYPE,AUTHOR_LOGIN,DESCRIPTION,CREATED_ON) values ('337','271','AKTUALIZACIA','robert_d',null,to_timestamp('11.04.15 19:38:20,058000000','DD.MM.RR HH24:MI:SSXFF'));
Insert into SNECH_DB.ISSUE_LOGS (LOG_ID,ISSUE_ID,LOG_TYPE,AUTHOR_LOGIN,DESCRIPTION,CREATED_ON) values ('338','271','AKTUALIZACIA','robert_d',null,to_timestamp('11.04.15 19:38:32,890000000','DD.MM.RR HH24:MI:SSXFF'));
Insert into SNECH_DB.ISSUE_LOGS (LOG_ID,ISSUE_ID,LOG_TYPE,AUTHOR_LOGIN,DESCRIPTION,CREATED_ON) values ('339','271','AKTUALIZACIA','robert_d',null,to_timestamp('11.04.15 19:38:38,524000000','DD.MM.RR HH24:MI:SSXFF'));
Insert into SNECH_DB.ISSUE_LOGS (LOG_ID,ISSUE_ID,LOG_TYPE,AUTHOR_LOGIN,DESCRIPTION,CREATED_ON) values ('340','271','AKTUALIZACIA','robert_d',null,to_timestamp('11.04.15 19:38:39,390000000','DD.MM.RR HH24:MI:SSXFF'));
Insert into SNECH_DB.ISSUE_LOGS (LOG_ID,ISSUE_ID,LOG_TYPE,AUTHOR_LOGIN,DESCRIPTION,CREATED_ON) values ('341','271','AKTUALIZACIA','robert_d',null,to_timestamp('11.04.15 19:38:39,974000000','DD.MM.RR HH24:MI:SSXFF'));
Insert into SNECH_DB.ISSUE_LOGS (LOG_ID,ISSUE_ID,LOG_TYPE,AUTHOR_LOGIN,DESCRIPTION,CREATED_ON) values ('342','271','AKTUALIZACIA','robert_d',null,to_timestamp('11.04.15 19:38:40,342000000','DD.MM.RR HH24:MI:SSXFF'));
Insert into SNECH_DB.ISSUE_LOGS (LOG_ID,ISSUE_ID,LOG_TYPE,AUTHOR_LOGIN,DESCRIPTION,CREATED_ON) values ('343','271','AKTUALIZACIA','robert_d',null,to_timestamp('11.04.15 19:38:40,654000000','DD.MM.RR HH24:MI:SSXFF'));
Insert into SNECH_DB.ISSUE_LOGS (LOG_ID,ISSUE_ID,LOG_TYPE,AUTHOR_LOGIN,DESCRIPTION,CREATED_ON) values ('344','271','AKTUALIZACIA','robert_d',null,to_timestamp('11.04.15 19:38:40,856000000','DD.MM.RR HH24:MI:SSXFF'));
Insert into SNECH_DB.ISSUE_LOGS (LOG_ID,ISSUE_ID,LOG_TYPE,AUTHOR_LOGIN,DESCRIPTION,CREATED_ON) values ('345','271','AKTUALIZACIA','robert_d',null,to_timestamp('11.04.15 19:38:41,142000000','DD.MM.RR HH24:MI:SSXFF'));
Insert into SNECH_DB.ISSUE_LOGS (LOG_ID,ISSUE_ID,LOG_TYPE,AUTHOR_LOGIN,DESCRIPTION,CREATED_ON) values ('346','271','AKTUALIZACIA','robert_d',null,to_timestamp('11.04.15 19:38:41,750000000','DD.MM.RR HH24:MI:SSXFF'));
Insert into SNECH_DB.ISSUE_LOGS (LOG_ID,ISSUE_ID,LOG_TYPE,AUTHOR_LOGIN,DESCRIPTION,CREATED_ON) values ('347','271','AKTUALIZACIA','robert_d',null,to_timestamp('11.04.15 19:38:42,399000000','DD.MM.RR HH24:MI:SSXFF'));
Insert into SNECH_DB.ISSUE_LOGS (LOG_ID,ISSUE_ID,LOG_TYPE,AUTHOR_LOGIN,DESCRIPTION,CREATED_ON) values ('348','271','AKTUALIZACIA','robert_d',null,to_timestamp('11.04.15 19:38:44,290000000','DD.MM.RR HH24:MI:SSXFF'));
Insert into SNECH_DB.ISSUE_LOGS (LOG_ID,ISSUE_ID,LOG_TYPE,AUTHOR_LOGIN,DESCRIPTION,CREATED_ON) values ('349','271','AKTUALIZACIA','robert_d',null,to_timestamp('11.04.15 19:38:45,326000000','DD.MM.RR HH24:MI:SSXFF'));
Insert into SNECH_DB.ISSUE_LOGS (LOG_ID,ISSUE_ID,LOG_TYPE,AUTHOR_LOGIN,DESCRIPTION,CREATED_ON) values ('350','271','AKTUALIZACIA','robert_d',null,to_timestamp('11.04.15 19:38:46,743000000','DD.MM.RR HH24:MI:SSXFF'));
Insert into SNECH_DB.ISSUE_LOGS (LOG_ID,ISSUE_ID,LOG_TYPE,AUTHOR_LOGIN,DESCRIPTION,CREATED_ON) values ('351','271','AKTUALIZACIA','robert_d',null,to_timestamp('11.04.15 19:38:47,526000000','DD.MM.RR HH24:MI:SSXFF'));
Insert into SNECH_DB.ISSUE_LOGS (LOG_ID,ISSUE_ID,LOG_TYPE,AUTHOR_LOGIN,DESCRIPTION,CREATED_ON) values ('352','271','AKTUALIZACIA','robert_d',null,to_timestamp('11.04.15 19:38:51,740000000','DD.MM.RR HH24:MI:SSXFF'));
Insert into SNECH_DB.ISSUE_LOGS (LOG_ID,ISSUE_ID,LOG_TYPE,AUTHOR_LOGIN,DESCRIPTION,CREATED_ON) values ('353','271','AKTUALIZACIA','robert_d',null,to_timestamp('11.04.15 19:39:01,319000000','DD.MM.RR HH24:MI:SSXFF'));
Insert into SNECH_DB.ISSUE_LOGS (LOG_ID,ISSUE_ID,LOG_TYPE,AUTHOR_LOGIN,DESCRIPTION,CREATED_ON) values ('354','271','AKTUALIZACIA','robert_d',null,to_timestamp('11.04.15 19:39:49,700000000','DD.MM.RR HH24:MI:SSXFF'));
Insert into SNECH_DB.ISSUE_LOGS (LOG_ID,ISSUE_ID,LOG_TYPE,AUTHOR_LOGIN,DESCRIPTION,CREATED_ON) values ('355','271','AKTUALIZACIA','robert_d',null,to_timestamp('11.04.15 19:39:56,376000000','DD.MM.RR HH24:MI:SSXFF'));
Insert into SNECH_DB.ISSUE_LOGS (LOG_ID,ISSUE_ID,LOG_TYPE,AUTHOR_LOGIN,DESCRIPTION,CREATED_ON) values ('356','271','AKTUALIZACIA','robert_d',null,to_timestamp('11.04.15 19:41:13,353000000','DD.MM.RR HH24:MI:SSXFF'));
Insert into SNECH_DB.ISSUE_LOGS (LOG_ID,ISSUE_ID,LOG_TYPE,AUTHOR_LOGIN,DESCRIPTION,CREATED_ON) values ('357','271','AKTUALIZACIA','robert_d',null,to_timestamp('11.04.15 19:41:16,035000000','DD.MM.RR HH24:MI:SSXFF'));
Insert into SNECH_DB.ISSUE_LOGS (LOG_ID,ISSUE_ID,LOG_TYPE,AUTHOR_LOGIN,DESCRIPTION,CREATED_ON) values ('358','271','AKTUALIZACIA','robert_d',null,to_timestamp('11.04.15 19:41:20,000000000','DD.MM.RR HH24:MI:SSXFF'));
Insert into SNECH_DB.ISSUE_LOGS (LOG_ID,ISSUE_ID,LOG_TYPE,AUTHOR_LOGIN,DESCRIPTION,CREATED_ON) values ('359','271','AKTUALIZACIA','robert_d',null,to_timestamp('11.04.15 19:41:26,065000000','DD.MM.RR HH24:MI:SSXFF'));
Insert into SNECH_DB.ISSUE_LOGS (LOG_ID,ISSUE_ID,LOG_TYPE,AUTHOR_LOGIN,DESCRIPTION,CREATED_ON) values ('360','271','AKTUALIZACIA','robert_d',null,to_timestamp('11.04.15 19:41:30,001000000','DD.MM.RR HH24:MI:SSXFF'));
Insert into SNECH_DB.ISSUE_LOGS (LOG_ID,ISSUE_ID,LOG_TYPE,AUTHOR_LOGIN,DESCRIPTION,CREATED_ON) values ('361','271','AKTUALIZACIA','robert_d',null,to_timestamp('11.04.15 19:41:31,927000000','DD.MM.RR HH24:MI:SSXFF'));
Insert into SNECH_DB.ISSUE_LOGS (LOG_ID,ISSUE_ID,LOG_TYPE,AUTHOR_LOGIN,DESCRIPTION,CREATED_ON) values ('362','271','AKTUALIZACIA','robert_d',null,to_timestamp('11.04.15 19:43:15,089000000','DD.MM.RR HH24:MI:SSXFF'));
Insert into SNECH_DB.ISSUE_LOGS (LOG_ID,ISSUE_ID,LOG_TYPE,AUTHOR_LOGIN,DESCRIPTION,CREATED_ON) values ('363','271','AKTUALIZACIA','robert_d',null,to_timestamp('11.04.15 19:43:18,784000000','DD.MM.RR HH24:MI:SSXFF'));
Insert into SNECH_DB.ISSUE_LOGS (LOG_ID,ISSUE_ID,LOG_TYPE,AUTHOR_LOGIN,DESCRIPTION,CREATED_ON) values ('364','271','AKTUALIZACIA','robert_d',null,to_timestamp('11.04.15 19:43:22,565000000','DD.MM.RR HH24:MI:SSXFF'));
Insert into SNECH_DB.ISSUE_LOGS (LOG_ID,ISSUE_ID,LOG_TYPE,AUTHOR_LOGIN,DESCRIPTION,CREATED_ON) values ('365','271','AKTUALIZACIA','robert_d',null,to_timestamp('11.04.15 19:43:27,045000000','DD.MM.RR HH24:MI:SSXFF'));
Insert into SNECH_DB.ISSUE_LOGS (LOG_ID,ISSUE_ID,LOG_TYPE,AUTHOR_LOGIN,DESCRIPTION,CREATED_ON) values ('366','263','AKTUALIZACIA','robert_d',null,to_timestamp('11.04.15 19:44:15,920000000','DD.MM.RR HH24:MI:SSXFF'));
Insert into SNECH_DB.ISSUE_LOGS (LOG_ID,ISSUE_ID,LOG_TYPE,AUTHOR_LOGIN,DESCRIPTION,CREATED_ON) values ('367','271','AKTUALIZACIA','robert_d',null,to_timestamp('11.04.15 19:51:32,566000000','DD.MM.RR HH24:MI:SSXFF'));
Insert into SNECH_DB.ISSUE_LOGS (LOG_ID,ISSUE_ID,LOG_TYPE,AUTHOR_LOGIN,DESCRIPTION,CREATED_ON) values ('368','271','AKTUALIZACIA','robert_d',null,to_timestamp('11.04.15 19:51:40,682000000','DD.MM.RR HH24:MI:SSXFF'));
Insert into SNECH_DB.ISSUE_LOGS (LOG_ID,ISSUE_ID,LOG_TYPE,AUTHOR_LOGIN,DESCRIPTION,CREATED_ON) values ('369','271','AKTUALIZACIA','robert_d',null,to_timestamp('11.04.15 19:52:07,647000000','DD.MM.RR HH24:MI:SSXFF'));
Insert into SNECH_DB.ISSUE_LOGS (LOG_ID,ISSUE_ID,LOG_TYPE,AUTHOR_LOGIN,DESCRIPTION,CREATED_ON) values ('370','271','AKTUALIZACIA','robert_d',null,to_timestamp('11.04.15 19:54:32,310000000','DD.MM.RR HH24:MI:SSXFF'));
Insert into SNECH_DB.ISSUE_LOGS (LOG_ID,ISSUE_ID,LOG_TYPE,AUTHOR_LOGIN,DESCRIPTION,CREATED_ON) values ('371','271','AKTUALIZACIA','robert_d',null,to_timestamp('11.04.15 19:54:37,879000000','DD.MM.RR HH24:MI:SSXFF'));
Insert into SNECH_DB.ISSUE_LOGS (LOG_ID,ISSUE_ID,LOG_TYPE,AUTHOR_LOGIN,DESCRIPTION,CREATED_ON) values ('372','271','AKTUALIZACIA','robert_d',null,to_timestamp('11.04.15 19:56:22,828000000','DD.MM.RR HH24:MI:SSXFF'));
Insert into SNECH_DB.ISSUE_LOGS (LOG_ID,ISSUE_ID,LOG_TYPE,AUTHOR_LOGIN,DESCRIPTION,CREATED_ON) values ('373','271','AKTUALIZACIA','robert_d',null,to_timestamp('11.04.15 19:56:25,593000000','DD.MM.RR HH24:MI:SSXFF'));
Insert into SNECH_DB.ISSUE_LOGS (LOG_ID,ISSUE_ID,LOG_TYPE,AUTHOR_LOGIN,DESCRIPTION,CREATED_ON) values ('374','271','AKTUALIZACIA','robert_d',null,to_timestamp('11.04.15 19:56:32,592000000','DD.MM.RR HH24:MI:SSXFF'));
Insert into SNECH_DB.ISSUE_LOGS (LOG_ID,ISSUE_ID,LOG_TYPE,AUTHOR_LOGIN,DESCRIPTION,CREATED_ON) values ('375','271','AKTUALIZACIA','robert_d',null,to_timestamp('11.04.15 19:56:45,438000000','DD.MM.RR HH24:MI:SSXFF'));
Insert into SNECH_DB.ISSUE_LOGS (LOG_ID,ISSUE_ID,LOG_TYPE,AUTHOR_LOGIN,DESCRIPTION,CREATED_ON) values ('376','271','AKTUALIZACIA','robert_d',null,to_timestamp('11.04.15 19:56:50,241000000','DD.MM.RR HH24:MI:SSXFF'));
Insert into SNECH_DB.ISSUE_LOGS (LOG_ID,ISSUE_ID,LOG_TYPE,AUTHOR_LOGIN,DESCRIPTION,CREATED_ON) values ('377','271','AKTUALIZACIA','robert_d',null,to_timestamp('11.04.15 19:56:59,753000000','DD.MM.RR HH24:MI:SSXFF'));
Insert into SNECH_DB.ISSUE_LOGS (LOG_ID,ISSUE_ID,LOG_TYPE,AUTHOR_LOGIN,DESCRIPTION,CREATED_ON) values ('378','271','AKTUALIZACIA','robert_d',null,to_timestamp('11.04.15 19:57:06,846000000','DD.MM.RR HH24:MI:SSXFF'));
Insert into SNECH_DB.ISSUE_LOGS (LOG_ID,ISSUE_ID,LOG_TYPE,AUTHOR_LOGIN,DESCRIPTION,CREATED_ON) values ('379','271','AKTUALIZACIA','robert_d',null,to_timestamp('11.04.15 20:19:34,238000000','DD.MM.RR HH24:MI:SSXFF'));
Insert into SNECH_DB.ISSUE_LOGS (LOG_ID,ISSUE_ID,LOG_TYPE,AUTHOR_LOGIN,DESCRIPTION,CREATED_ON) values ('380','271','AKTUALIZACIA','robert_d',null,to_timestamp('11.04.15 20:23:42,181000000','DD.MM.RR HH24:MI:SSXFF'));
Insert into SNECH_DB.ISSUE_LOGS (LOG_ID,ISSUE_ID,LOG_TYPE,AUTHOR_LOGIN,DESCRIPTION,CREATED_ON) values ('381','271','AKTUALIZACIA','robert_d',null,to_timestamp('11.04.15 20:23:47,060000000','DD.MM.RR HH24:MI:SSXFF'));
Insert into SNECH_DB.ISSUE_LOGS (LOG_ID,ISSUE_ID,LOG_TYPE,AUTHOR_LOGIN,DESCRIPTION,CREATED_ON) values ('382','271','AKTUALIZACIA','robert_d',null,to_timestamp('11.04.15 20:23:55,626000000','DD.MM.RR HH24:MI:SSXFF'));
Insert into SNECH_DB.ISSUE_LOGS (LOG_ID,ISSUE_ID,LOG_TYPE,AUTHOR_LOGIN,DESCRIPTION,CREATED_ON) values ('383','271','AKTUALIZACIA','robert_d',null,to_timestamp('11.04.15 20:24:02,525000000','DD.MM.RR HH24:MI:SSXFF'));
Insert into SNECH_DB.ISSUE_LOGS (LOG_ID,ISSUE_ID,LOG_TYPE,AUTHOR_LOGIN,DESCRIPTION,CREATED_ON) values ('384','271','AKTUALIZACIA','robert_d',null,to_timestamp('11.04.15 20:25:25,652000000','DD.MM.RR HH24:MI:SSXFF'));
Insert into SNECH_DB.ISSUE_LOGS (LOG_ID,ISSUE_ID,LOG_TYPE,AUTHOR_LOGIN,DESCRIPTION,CREATED_ON) values ('385','271','AKTUALIZACIA','robert_d',null,to_timestamp('11.04.15 20:30:26,250000000','DD.MM.RR HH24:MI:SSXFF'));
Insert into SNECH_DB.ISSUE_LOGS (LOG_ID,ISSUE_ID,LOG_TYPE,AUTHOR_LOGIN,DESCRIPTION,CREATED_ON) values ('386','271','AKTUALIZACIA','robert_d',null,to_timestamp('11.04.15 20:30:36,492000000','DD.MM.RR HH24:MI:SSXFF'));
Insert into SNECH_DB.ISSUE_LOGS (LOG_ID,ISSUE_ID,LOG_TYPE,AUTHOR_LOGIN,DESCRIPTION,CREATED_ON) values ('387','271','AKTUALIZACIA','robert_d',null,to_timestamp('11.04.15 20:31:32,323000000','DD.MM.RR HH24:MI:SSXFF'));
Insert into SNECH_DB.ISSUE_LOGS (LOG_ID,ISSUE_ID,LOG_TYPE,AUTHOR_LOGIN,DESCRIPTION,CREATED_ON) values ('388','271','AKTUALIZACIA','robert_d',null,to_timestamp('11.04.15 20:32:12,126000000','DD.MM.RR HH24:MI:SSXFF'));
Insert into SNECH_DB.ISSUE_LOGS (LOG_ID,ISSUE_ID,LOG_TYPE,AUTHOR_LOGIN,DESCRIPTION,CREATED_ON) values ('389','271','AKTUALIZACIA','robert_d',null,to_timestamp('11.04.15 20:39:45,155000000','DD.MM.RR HH24:MI:SSXFF'));
Insert into SNECH_DB.ISSUE_LOGS (LOG_ID,ISSUE_ID,LOG_TYPE,AUTHOR_LOGIN,DESCRIPTION,CREATED_ON) values ('390','271','AKTUALIZACIA','robert_d',null,to_timestamp('11.04.15 20:40:57,921000000','DD.MM.RR HH24:MI:SSXFF'));
Insert into SNECH_DB.ISSUE_LOGS (LOG_ID,ISSUE_ID,LOG_TYPE,AUTHOR_LOGIN,DESCRIPTION,CREATED_ON) values ('391','271','AKTUALIZACIA','robert_d',null,to_timestamp('11.04.15 20:43:07,607000000','DD.MM.RR HH24:MI:SSXFF'));
Insert into SNECH_DB.ISSUE_LOGS (LOG_ID,ISSUE_ID,LOG_TYPE,AUTHOR_LOGIN,DESCRIPTION,CREATED_ON) values ('392','271','AKTUALIZACIA','robert_d',null,to_timestamp('11.04.15 20:47:24,427000000','DD.MM.RR HH24:MI:SSXFF'));
Insert into SNECH_DB.ISSUE_LOGS (LOG_ID,ISSUE_ID,LOG_TYPE,AUTHOR_LOGIN,DESCRIPTION,CREATED_ON) values ('393','271','AKTUALIZACIA','robert_d',null,to_timestamp('11.04.15 20:48:47,843000000','DD.MM.RR HH24:MI:SSXFF'));
Insert into SNECH_DB.ISSUE_LOGS (LOG_ID,ISSUE_ID,LOG_TYPE,AUTHOR_LOGIN,DESCRIPTION,CREATED_ON) values ('394','271','AKTUALIZACIA','robert_d',null,to_timestamp('11.04.15 20:49:46,864000000','DD.MM.RR HH24:MI:SSXFF'));
Insert into SNECH_DB.ISSUE_LOGS (LOG_ID,ISSUE_ID,LOG_TYPE,AUTHOR_LOGIN,DESCRIPTION,CREATED_ON) values ('395','271','AKTUALIZACIA','robert_d',null,to_timestamp('11.04.15 20:52:29,020000000','DD.MM.RR HH24:MI:SSXFF'));
Insert into SNECH_DB.ISSUE_LOGS (LOG_ID,ISSUE_ID,LOG_TYPE,AUTHOR_LOGIN,DESCRIPTION,CREATED_ON) values ('396','271','AKTUALIZACIA','robert_d',null,to_timestamp('11.04.15 20:55:55,669000000','DD.MM.RR HH24:MI:SSXFF'));
Insert into SNECH_DB.ISSUE_LOGS (LOG_ID,ISSUE_ID,LOG_TYPE,AUTHOR_LOGIN,DESCRIPTION,CREATED_ON) values ('397','271','AKTUALIZACIA','robert_d',null,to_timestamp('11.04.15 20:57:14,669000000','DD.MM.RR HH24:MI:SSXFF'));
Insert into SNECH_DB.ISSUE_LOGS (LOG_ID,ISSUE_ID,LOG_TYPE,AUTHOR_LOGIN,DESCRIPTION,CREATED_ON) values ('398','271','AKTUALIZACIA','robert_d',null,to_timestamp('11.04.15 20:57:17,827000000','DD.MM.RR HH24:MI:SSXFF'));
Insert into SNECH_DB.ISSUE_LOGS (LOG_ID,ISSUE_ID,LOG_TYPE,AUTHOR_LOGIN,DESCRIPTION,CREATED_ON) values ('399','271','AKTUALIZACIA','robert_d',null,to_timestamp('11.04.15 20:57:23,402000000','DD.MM.RR HH24:MI:SSXFF'));
Insert into SNECH_DB.ISSUE_LOGS (LOG_ID,ISSUE_ID,LOG_TYPE,AUTHOR_LOGIN,DESCRIPTION,CREATED_ON) values ('400','271','AKTUALIZACIA','robert_d',null,to_timestamp('11.04.15 21:38:29,363000000','DD.MM.RR HH24:MI:SSXFF'));
Insert into SNECH_DB.ISSUE_LOGS (LOG_ID,ISSUE_ID,LOG_TYPE,AUTHOR_LOGIN,DESCRIPTION,CREATED_ON) values ('401','271','AKTUALIZACIA','robert_d',null,to_timestamp('11.04.15 21:38:40,588000000','DD.MM.RR HH24:MI:SSXFF'));
Insert into SNECH_DB.ISSUE_LOGS (LOG_ID,ISSUE_ID,LOG_TYPE,AUTHOR_LOGIN,DESCRIPTION,CREATED_ON) values ('402','271','AKTUALIZACIA','robert_d',null,to_timestamp('11.04.15 21:39:18,446000000','DD.MM.RR HH24:MI:SSXFF'));
Insert into SNECH_DB.ISSUE_LOGS (LOG_ID,ISSUE_ID,LOG_TYPE,AUTHOR_LOGIN,DESCRIPTION,CREATED_ON) values ('403','271','AKTUALIZACIA','robert_d',null,to_timestamp('11.04.15 21:46:24,153000000','DD.MM.RR HH24:MI:SSXFF'));
Insert into SNECH_DB.ISSUE_LOGS (LOG_ID,ISSUE_ID,LOG_TYPE,AUTHOR_LOGIN,DESCRIPTION,CREATED_ON) values ('404','271','AKTUALIZACIA','robert_d',null,to_timestamp('11.04.15 21:46:35,445000000','DD.MM.RR HH24:MI:SSXFF'));
Insert into SNECH_DB.ISSUE_LOGS (LOG_ID,ISSUE_ID,LOG_TYPE,AUTHOR_LOGIN,DESCRIPTION,CREATED_ON) values ('405','271','AKTUALIZACIA','robert_d',null,to_timestamp('12.04.15 11:12:49,129000000','DD.MM.RR HH24:MI:SSXFF'));
Insert into SNECH_DB.ISSUE_LOGS (LOG_ID,ISSUE_ID,LOG_TYPE,AUTHOR_LOGIN,DESCRIPTION,CREATED_ON) values ('406','271','AKTUALIZACIA','robert_d',null,to_timestamp('12.04.15 11:14:23,603000000','DD.MM.RR HH24:MI:SSXFF'));
Insert into SNECH_DB.ISSUE_LOGS (LOG_ID,ISSUE_ID,LOG_TYPE,AUTHOR_LOGIN,DESCRIPTION,CREATED_ON) values ('407','269','AKTUALIZACIA','robert_d',null,to_timestamp('12.04.15 11:15:14,212000000','DD.MM.RR HH24:MI:SSXFF'));
Insert into SNECH_DB.ISSUE_LOGS (LOG_ID,ISSUE_ID,LOG_TYPE,AUTHOR_LOGIN,DESCRIPTION,CREATED_ON) values ('408','269','AKTUALIZACIA','robert_d',null,to_timestamp('12.04.15 11:15:23,989000000','DD.MM.RR HH24:MI:SSXFF'));
Insert into SNECH_DB.ISSUE_LOGS (LOG_ID,ISSUE_ID,LOG_TYPE,AUTHOR_LOGIN,DESCRIPTION,CREATED_ON) values ('409','269','AKTUALIZACIA','robert_d',null,to_timestamp('12.04.15 11:15:37,314000000','DD.MM.RR HH24:MI:SSXFF'));
Insert into SNECH_DB.ISSUE_LOGS (LOG_ID,ISSUE_ID,LOG_TYPE,AUTHOR_LOGIN,DESCRIPTION,CREATED_ON) values ('410','271','AKTUALIZACIA','robert_d',null,to_timestamp('12.04.15 11:21:25,040000000','DD.MM.RR HH24:MI:SSXFF'));
Insert into SNECH_DB.ISSUE_LOGS (LOG_ID,ISSUE_ID,LOG_TYPE,AUTHOR_LOGIN,DESCRIPTION,CREATED_ON) values ('411','271','AKTUALIZACIA','robert_d',null,to_timestamp('12.04.15 12:30:10,936000000','DD.MM.RR HH24:MI:SSXFF'));
Insert into SNECH_DB.ISSUE_LOGS (LOG_ID,ISSUE_ID,LOG_TYPE,AUTHOR_LOGIN,DESCRIPTION,CREATED_ON) values ('412','271','AKTUALIZACIA','robert_d',null,to_timestamp('12.04.15 12:30:13,248000000','DD.MM.RR HH24:MI:SSXFF'));
Insert into SNECH_DB.ISSUE_LOGS (LOG_ID,ISSUE_ID,LOG_TYPE,AUTHOR_LOGIN,DESCRIPTION,CREATED_ON) values ('413','271','AKTUALIZACIA','robert_d',null,to_timestamp('12.04.15 12:30:17,307000000','DD.MM.RR HH24:MI:SSXFF'));
Insert into SNECH_DB.ISSUE_LOGS (LOG_ID,ISSUE_ID,LOG_TYPE,AUTHOR_LOGIN,DESCRIPTION,CREATED_ON) values ('414','271','AKTUALIZACIA','robert_d',null,to_timestamp('12.04.15 12:30:23,619000000','DD.MM.RR HH24:MI:SSXFF'));
Insert into SNECH_DB.ISSUE_LOGS (LOG_ID,ISSUE_ID,LOG_TYPE,AUTHOR_LOGIN,DESCRIPTION,CREATED_ON) values ('415','271','AKTUALIZACIA','robert_d',null,to_timestamp('12.04.15 12:30:32,301000000','DD.MM.RR HH24:MI:SSXFF'));
Insert into SNECH_DB.ISSUE_LOGS (LOG_ID,ISSUE_ID,LOG_TYPE,AUTHOR_LOGIN,DESCRIPTION,CREATED_ON) values ('416','271','AKTUALIZACIA','robert_d',null,to_timestamp('12.04.15 12:35:21,284000000','DD.MM.RR HH24:MI:SSXFF'));
Insert into SNECH_DB.ISSUE_LOGS (LOG_ID,ISSUE_ID,LOG_TYPE,AUTHOR_LOGIN,DESCRIPTION,CREATED_ON) values ('417','263','AKTUALIZACIA','robert_d',null,to_timestamp('12.04.15 12:42:35,249000000','DD.MM.RR HH24:MI:SSXFF'));
Insert into SNECH_DB.ISSUE_LOGS (LOG_ID,ISSUE_ID,LOG_TYPE,AUTHOR_LOGIN,DESCRIPTION,CREATED_ON) values ('418','263','AKTUALIZACIA','robert_d',null,to_timestamp('12.04.15 12:42:44,083000000','DD.MM.RR HH24:MI:SSXFF'));
Insert into SNECH_DB.ISSUE_LOGS (LOG_ID,ISSUE_ID,LOG_TYPE,AUTHOR_LOGIN,DESCRIPTION,CREATED_ON) values ('419','269','AKTUALIZACIA','robert_d',null,to_timestamp('12.04.15 14:19:08,322000000','DD.MM.RR HH24:MI:SSXFF'));
Insert into SNECH_DB.ISSUE_LOGS (LOG_ID,ISSUE_ID,LOG_TYPE,AUTHOR_LOGIN,DESCRIPTION,CREATED_ON) values ('421','271','AKTUALIZACIA','robert_d',null,to_timestamp('13.04.15 20:45:40,587000000','DD.MM.RR HH24:MI:SSXFF'));
Insert into SNECH_DB.ISSUE_LOGS (LOG_ID,ISSUE_ID,LOG_TYPE,AUTHOR_LOGIN,DESCRIPTION,CREATED_ON) values ('422','265','AKTUALIZACIA','robert_a',null,to_timestamp('13.04.15 20:46:44,361000000','DD.MM.RR HH24:MI:SSXFF'));
Insert into SNECH_DB.ISSUE_LOGS (LOG_ID,ISSUE_ID,LOG_TYPE,AUTHOR_LOGIN,DESCRIPTION,CREATED_ON) values ('423','265','AKTUALIZACIA','robert_a',null,to_timestamp('13.04.15 20:46:53,419000000','DD.MM.RR HH24:MI:SSXFF'));
Insert into SNECH_DB.ISSUE_LOGS (LOG_ID,ISSUE_ID,LOG_TYPE,AUTHOR_LOGIN,DESCRIPTION,CREATED_ON) values ('441','269','AKTUALIZACIA','robert_d',null,to_timestamp('14.04.15 08:17:09,011000000','DD.MM.RR HH24:MI:SSXFF'));
Insert into SNECH_DB.ISSUE_LOGS (LOG_ID,ISSUE_ID,LOG_TYPE,AUTHOR_LOGIN,DESCRIPTION,CREATED_ON) values ('442','269','AKTUALIZACIA','robert_d',null,to_timestamp('14.04.15 08:17:12,493000000','DD.MM.RR HH24:MI:SSXFF'));
Insert into SNECH_DB.ISSUE_LOGS (LOG_ID,ISSUE_ID,LOG_TYPE,AUTHOR_LOGIN,DESCRIPTION,CREATED_ON) values ('443','271','AKTUALIZACIA','robert_d',null,to_timestamp('14.04.15 08:17:27,561000000','DD.MM.RR HH24:MI:SSXFF'));
Insert into SNECH_DB.ISSUE_LOGS (LOG_ID,ISSUE_ID,LOG_TYPE,AUTHOR_LOGIN,DESCRIPTION,CREATED_ON) values ('444','273','VYTVORENIE','robert_d',null,to_timestamp('14.04.15 08:19:40,735000000','DD.MM.RR HH24:MI:SSXFF'));
Insert into SNECH_DB.ISSUE_LOGS (LOG_ID,ISSUE_ID,LOG_TYPE,AUTHOR_LOGIN,DESCRIPTION,CREATED_ON) values ('445','273','AKTUALIZACIA','robert_d',null,to_timestamp('14.04.15 08:20:21,359000000','DD.MM.RR HH24:MI:SSXFF'));
Insert into SNECH_DB.ISSUE_LOGS (LOG_ID,ISSUE_ID,LOG_TYPE,AUTHOR_LOGIN,DESCRIPTION,CREATED_ON) values ('446','273','AKTUALIZACIA','robert_d',null,to_timestamp('14.04.15 08:20:39,837000000','DD.MM.RR HH24:MI:SSXFF'));
Insert into SNECH_DB.ISSUE_LOGS (LOG_ID,ISSUE_ID,LOG_TYPE,AUTHOR_LOGIN,DESCRIPTION,CREATED_ON) values ('447','271','AKTUALIZACIA','robert_a',null,to_timestamp('14.04.15 08:22:08,593000000','DD.MM.RR HH24:MI:SSXFF'));
Insert into SNECH_DB.ISSUE_LOGS (LOG_ID,ISSUE_ID,LOG_TYPE,AUTHOR_LOGIN,DESCRIPTION,CREATED_ON) values ('448','271','AKTUALIZACIA','robert_a',null,to_timestamp('14.04.15 08:22:38,766000000','DD.MM.RR HH24:MI:SSXFF'));
Insert into SNECH_DB.ISSUE_LOGS (LOG_ID,ISSUE_ID,LOG_TYPE,AUTHOR_LOGIN,DESCRIPTION,CREATED_ON) values ('449','271','AKTUALIZACIA','robert_a',null,to_timestamp('14.04.15 08:22:51,624000000','DD.MM.RR HH24:MI:SSXFF'));
Insert into SNECH_DB.ISSUE_LOGS (LOG_ID,ISSUE_ID,LOG_TYPE,AUTHOR_LOGIN,DESCRIPTION,CREATED_ON) values ('461','269','AKTUALIZACIA','robert_d',null,to_timestamp('20.04.15 20:09:28,409000000','DD.MM.RR HH24:MI:SSXFF'));
Insert into SNECH_DB.ISSUE_LOGS (LOG_ID,ISSUE_ID,LOG_TYPE,AUTHOR_LOGIN,DESCRIPTION,CREATED_ON) values ('462','269','AKTUALIZACIA','robert_d',null,to_timestamp('20.04.15 20:09:36,205000000','DD.MM.RR HH24:MI:SSXFF'));
Insert into SNECH_DB.ISSUE_LOGS (LOG_ID,ISSUE_ID,LOG_TYPE,AUTHOR_LOGIN,DESCRIPTION,CREATED_ON) values ('463','269','AKTUALIZACIA','robert_d',null,to_timestamp('20.04.15 20:09:39,781000000','DD.MM.RR HH24:MI:SSXFF'));
Insert into SNECH_DB.ISSUE_LOGS (LOG_ID,ISSUE_ID,LOG_TYPE,AUTHOR_LOGIN,DESCRIPTION,CREATED_ON) values ('464','273','AKTUALIZACIA','robert_a',null,to_timestamp('20.04.15 23:00:14,893000000','DD.MM.RR HH24:MI:SSXFF'));
Insert into SNECH_DB.ISSUE_LOGS (LOG_ID,ISSUE_ID,LOG_TYPE,AUTHOR_LOGIN,DESCRIPTION,CREATED_ON) values ('465','273','AKTUALIZACIA','robert_a',null,to_timestamp('20.04.15 23:00:29,502000000','DD.MM.RR HH24:MI:SSXFF'));
Insert into SNECH_DB.ISSUE_LOGS (LOG_ID,ISSUE_ID,LOG_TYPE,AUTHOR_LOGIN,DESCRIPTION,CREATED_ON) values ('481','269','ZMAZANIE','robert_d',null,to_timestamp('22.04.15 01:20:25,880000000','DD.MM.RR HH24:MI:SSXFF'));
Insert into SNECH_DB.ISSUE_LOGS (LOG_ID,ISSUE_ID,LOG_TYPE,AUTHOR_LOGIN,DESCRIPTION,CREATED_ON) values ('482','273','ZMAZANIE','robert_d',null,to_timestamp('22.04.15 01:20:25,899000000','DD.MM.RR HH24:MI:SSXFF'));
Insert into SNECH_DB.ISSUE_LOGS (LOG_ID,ISSUE_ID,LOG_TYPE,AUTHOR_LOGIN,DESCRIPTION,CREATED_ON) values ('483','273','AKTUALIZACIA','robert_a',null,to_timestamp('22.04.15 01:38:19,252000000','DD.MM.RR HH24:MI:SSXFF'));
Insert into SNECH_DB.ISSUE_LOGS (LOG_ID,ISSUE_ID,LOG_TYPE,AUTHOR_LOGIN,DESCRIPTION,CREATED_ON) values ('484','273','AKTUALIZACIA','robert_a',null,to_timestamp('22.04.15 01:39:48,375000000','DD.MM.RR HH24:MI:SSXFF'));
Insert into SNECH_DB.ISSUE_LOGS (LOG_ID,ISSUE_ID,LOG_TYPE,AUTHOR_LOGIN,DESCRIPTION,CREATED_ON) values ('485','275','VYTVORENIE','robert_a',null,to_timestamp('22.04.15 02:08:06,547000000','DD.MM.RR HH24:MI:SSXFF'));
Insert into SNECH_DB.ISSUE_LOGS (LOG_ID,ISSUE_ID,LOG_TYPE,AUTHOR_LOGIN,DESCRIPTION,CREATED_ON) values ('486','277','VYTVORENIE','robert_a',null,to_timestamp('22.04.15 02:08:40,335000000','DD.MM.RR HH24:MI:SSXFF'));
Insert into SNECH_DB.ISSUE_LOGS (LOG_ID,ISSUE_ID,LOG_TYPE,AUTHOR_LOGIN,DESCRIPTION,CREATED_ON) values ('487','279','VYTVORENIE','robert_a',null,to_timestamp('22.04.15 02:08:55,530000000','DD.MM.RR HH24:MI:SSXFF'));
Insert into SNECH_DB.ISSUE_LOGS (LOG_ID,ISSUE_ID,LOG_TYPE,AUTHOR_LOGIN,DESCRIPTION,CREATED_ON) values ('488','281','VYTVORENIE','robert_a',null,to_timestamp('22.04.15 02:09:13,515000000','DD.MM.RR HH24:MI:SSXFF'));
Insert into SNECH_DB.ISSUE_LOGS (LOG_ID,ISSUE_ID,LOG_TYPE,AUTHOR_LOGIN,DESCRIPTION,CREATED_ON) values ('489','283','VYTVORENIE','robert_a',null,to_timestamp('22.04.15 02:09:53,232000000','DD.MM.RR HH24:MI:SSXFF'));
Insert into SNECH_DB.ISSUE_LOGS (LOG_ID,ISSUE_ID,LOG_TYPE,AUTHOR_LOGIN,DESCRIPTION,CREATED_ON) values ('490','281','AKTUALIZACIA','robert_a',null,to_timestamp('22.04.15 02:11:45,488000000','DD.MM.RR HH24:MI:SSXFF'));
Insert into SNECH_DB.ISSUE_LOGS (LOG_ID,ISSUE_ID,LOG_TYPE,AUTHOR_LOGIN,DESCRIPTION,CREATED_ON) values ('491','281','AKTUALIZACIA','robert_a',null,to_timestamp('22.04.15 02:11:57,091000000','DD.MM.RR HH24:MI:SSXFF'));
Insert into SNECH_DB.ISSUE_LOGS (LOG_ID,ISSUE_ID,LOG_TYPE,AUTHOR_LOGIN,DESCRIPTION,CREATED_ON) values ('492','279','AKTUALIZACIA','robert_a',null,to_timestamp('22.04.15 02:12:09,497000000','DD.MM.RR HH24:MI:SSXFF'));
Insert into SNECH_DB.ISSUE_LOGS (LOG_ID,ISSUE_ID,LOG_TYPE,AUTHOR_LOGIN,DESCRIPTION,CREATED_ON) values ('493','281','AKTUALIZACIA','robert_a',null,to_timestamp('22.04.15 10:31:14,113000000','DD.MM.RR HH24:MI:SSXFF'));
Insert into SNECH_DB.ISSUE_LOGS (LOG_ID,ISSUE_ID,LOG_TYPE,AUTHOR_LOGIN,DESCRIPTION,CREATED_ON) values ('494','281','AKTUALIZACIA','robert_a',null,to_timestamp('22.04.15 10:31:23,947000000','DD.MM.RR HH24:MI:SSXFF'));
Insert into SNECH_DB.ISSUE_LOGS (LOG_ID,ISSUE_ID,LOG_TYPE,AUTHOR_LOGIN,DESCRIPTION,CREATED_ON) values ('495','281','AKTUALIZACIA','robert_a',null,to_timestamp('22.04.15 10:31:32,837000000','DD.MM.RR HH24:MI:SSXFF'));
Insert into SNECH_DB.ISSUE_LOGS (LOG_ID,ISSUE_ID,LOG_TYPE,AUTHOR_LOGIN,DESCRIPTION,CREATED_ON) values ('496','283','AKTUALIZACIA','robert_a',null,to_timestamp('22.04.15 15:43:53,752000000','DD.MM.RR HH24:MI:SSXFF'));
Insert into SNECH_DB.ISSUE_LOGS (LOG_ID,ISSUE_ID,LOG_TYPE,AUTHOR_LOGIN,DESCRIPTION,CREATED_ON) values ('497','283','AKTUALIZACIA','robert_a',null,to_timestamp('22.04.15 15:45:43,730000000','DD.MM.RR HH24:MI:SSXFF'));
Insert into SNECH_DB.ISSUE_LOGS (LOG_ID,ISSUE_ID,LOG_TYPE,AUTHOR_LOGIN,DESCRIPTION,CREATED_ON) values ('498','283','AKTUALIZACIA','robert_a',null,to_timestamp('22.04.15 15:45:47,388000000','DD.MM.RR HH24:MI:SSXFF'));
Insert into SNECH_DB.ISSUE_LOGS (LOG_ID,ISSUE_ID,LOG_TYPE,AUTHOR_LOGIN,DESCRIPTION,CREATED_ON) values ('499','283','AKTUALIZACIA','robert_a',null,to_timestamp('22.04.15 15:47:08,721000000','DD.MM.RR HH24:MI:SSXFF'));
Insert into SNECH_DB.ISSUE_LOGS (LOG_ID,ISSUE_ID,LOG_TYPE,AUTHOR_LOGIN,DESCRIPTION,CREATED_ON) values ('500','283','AKTUALIZACIA','robert_a',null,to_timestamp('22.04.15 15:47:12,430000000','DD.MM.RR HH24:MI:SSXFF'));
Insert into SNECH_DB.ISSUE_LOGS (LOG_ID,ISSUE_ID,LOG_TYPE,AUTHOR_LOGIN,DESCRIPTION,CREATED_ON) values ('501','283','AKTUALIZACIA','robert_a',null,to_timestamp('22.04.15 15:47:53,506000000','DD.MM.RR HH24:MI:SSXFF'));
Insert into SNECH_DB.ISSUE_LOGS (LOG_ID,ISSUE_ID,LOG_TYPE,AUTHOR_LOGIN,DESCRIPTION,CREATED_ON) values ('502','283','AKTUALIZACIA','robert_a',null,to_timestamp('22.04.15 15:47:56,668000000','DD.MM.RR HH24:MI:SSXFF'));
Insert into SNECH_DB.ISSUE_LOGS (LOG_ID,ISSUE_ID,LOG_TYPE,AUTHOR_LOGIN,DESCRIPTION,CREATED_ON) values ('503','283','AKTUALIZACIA','robert_a',null,to_timestamp('22.04.15 15:48:34,156000000','DD.MM.RR HH24:MI:SSXFF'));
Insert into SNECH_DB.ISSUE_LOGS (LOG_ID,ISSUE_ID,LOG_TYPE,AUTHOR_LOGIN,DESCRIPTION,CREATED_ON) values ('504','281','AKTUALIZACIA','robert_a',null,to_timestamp('22.04.15 15:49:32,540000000','DD.MM.RR HH24:MI:SSXFF'));
Insert into SNECH_DB.ISSUE_LOGS (LOG_ID,ISSUE_ID,LOG_TYPE,AUTHOR_LOGIN,DESCRIPTION,CREATED_ON) values ('505','281','AKTUALIZACIA','robert_a',null,to_timestamp('22.04.15 15:49:38,675000000','DD.MM.RR HH24:MI:SSXFF'));
Insert into SNECH_DB.ISSUE_LOGS (LOG_ID,ISSUE_ID,LOG_TYPE,AUTHOR_LOGIN,DESCRIPTION,CREATED_ON) values ('506','283','AKTUALIZACIA','robert_a',null,to_timestamp('22.04.15 15:51:34,527000000','DD.MM.RR HH24:MI:SSXFF'));
Insert into SNECH_DB.ISSUE_LOGS (LOG_ID,ISSUE_ID,LOG_TYPE,AUTHOR_LOGIN,DESCRIPTION,CREATED_ON) values ('507','283','AKTUALIZACIA','robert_a',null,to_timestamp('22.04.15 15:51:38,445000000','DD.MM.RR HH24:MI:SSXFF'));
Insert into SNECH_DB.ISSUE_LOGS (LOG_ID,ISSUE_ID,LOG_TYPE,AUTHOR_LOGIN,DESCRIPTION,CREATED_ON) values ('508','283','AKTUALIZACIA','robert_a',null,to_timestamp('22.04.15 15:54:20,119000000','DD.MM.RR HH24:MI:SSXFF'));
Insert into SNECH_DB.ISSUE_LOGS (LOG_ID,ISSUE_ID,LOG_TYPE,AUTHOR_LOGIN,DESCRIPTION,CREATED_ON) values ('509','283','AKTUALIZACIA','robert_a',null,to_timestamp('22.04.15 15:54:38,048000000','DD.MM.RR HH24:MI:SSXFF'));
Insert into SNECH_DB.ISSUE_LOGS (LOG_ID,ISSUE_ID,LOG_TYPE,AUTHOR_LOGIN,DESCRIPTION,CREATED_ON) values ('510','281','AKTUALIZACIA','robert_a',null,to_timestamp('22.04.15 15:55:36,422000000','DD.MM.RR HH24:MI:SSXFF'));
Insert into SNECH_DB.ISSUE_LOGS (LOG_ID,ISSUE_ID,LOG_TYPE,AUTHOR_LOGIN,DESCRIPTION,CREATED_ON) values ('511','281','AKTUALIZACIA','robert_a',null,to_timestamp('22.04.15 15:55:43,020000000','DD.MM.RR HH24:MI:SSXFF'));
Insert into SNECH_DB.ISSUE_LOGS (LOG_ID,ISSUE_ID,LOG_TYPE,AUTHOR_LOGIN,DESCRIPTION,CREATED_ON) values ('512','283','AKTUALIZACIA','robert_a',null,to_timestamp('22.04.15 15:59:06,378000000','DD.MM.RR HH24:MI:SSXFF'));
Insert into SNECH_DB.ISSUE_LOGS (LOG_ID,ISSUE_ID,LOG_TYPE,AUTHOR_LOGIN,DESCRIPTION,CREATED_ON) values ('513','283','AKTUALIZACIA','robert_a',null,to_timestamp('22.04.15 15:59:09,734000000','DD.MM.RR HH24:MI:SSXFF'));
Insert into SNECH_DB.ISSUE_LOGS (LOG_ID,ISSUE_ID,LOG_TYPE,AUTHOR_LOGIN,DESCRIPTION,CREATED_ON) values ('514','277','AKTUALIZACIA','robert_a',null,to_timestamp('22.04.15 16:04:29,502000000','DD.MM.RR HH24:MI:SSXFF'));
Insert into SNECH_DB.ISSUE_LOGS (LOG_ID,ISSUE_ID,LOG_TYPE,AUTHOR_LOGIN,DESCRIPTION,CREATED_ON) values ('515','281','AKTUALIZACIA','robert_a',null,to_timestamp('22.04.15 16:06:35,287000000','DD.MM.RR HH24:MI:SSXFF'));
Insert into SNECH_DB.ISSUE_LOGS (LOG_ID,ISSUE_ID,LOG_TYPE,AUTHOR_LOGIN,DESCRIPTION,CREATED_ON) values ('516','281','AKTUALIZACIA','robert_a',null,to_timestamp('22.04.15 16:06:39,191000000','DD.MM.RR HH24:MI:SSXFF'));
Insert into SNECH_DB.ISSUE_LOGS (LOG_ID,ISSUE_ID,LOG_TYPE,AUTHOR_LOGIN,DESCRIPTION,CREATED_ON) values ('517','281','AKTUALIZACIA','robert_a',null,to_timestamp('22.04.15 16:07:28,325000000','DD.MM.RR HH24:MI:SSXFF'));
Insert into SNECH_DB.ISSUE_LOGS (LOG_ID,ISSUE_ID,LOG_TYPE,AUTHOR_LOGIN,DESCRIPTION,CREATED_ON) values ('518','283','AKTUALIZACIA','robert_a',null,to_timestamp('22.04.15 16:07:34,397000000','DD.MM.RR HH24:MI:SSXFF'));
Insert into SNECH_DB.ISSUE_LOGS (LOG_ID,ISSUE_ID,LOG_TYPE,AUTHOR_LOGIN,DESCRIPTION,CREATED_ON) values ('519','283','AKTUALIZACIA','robert_a',null,to_timestamp('22.04.15 16:07:46,361000000','DD.MM.RR HH24:MI:SSXFF'));
Insert into SNECH_DB.ISSUE_LOGS (LOG_ID,ISSUE_ID,LOG_TYPE,AUTHOR_LOGIN,DESCRIPTION,CREATED_ON) values ('520','281','AKTUALIZACIA','robert_a',null,to_timestamp('22.04.15 16:07:59,086000000','DD.MM.RR HH24:MI:SSXFF'));
Insert into SNECH_DB.ISSUE_LOGS (LOG_ID,ISSUE_ID,LOG_TYPE,AUTHOR_LOGIN,DESCRIPTION,CREATED_ON) values ('521','283','AKTUALIZACIA','robert_a',null,to_timestamp('22.04.15 16:10:14,678000000','DD.MM.RR HH24:MI:SSXFF'));
Insert into SNECH_DB.ISSUE_LOGS (LOG_ID,ISSUE_ID,LOG_TYPE,AUTHOR_LOGIN,DESCRIPTION,CREATED_ON) values ('522','283','AKTUALIZACIA','robert_a',null,to_timestamp('22.04.15 16:11:00,273000000','DD.MM.RR HH24:MI:SSXFF'));
Insert into SNECH_DB.ISSUE_LOGS (LOG_ID,ISSUE_ID,LOG_TYPE,AUTHOR_LOGIN,DESCRIPTION,CREATED_ON) values ('523','283','AKTUALIZACIA','robert_a',null,to_timestamp('22.04.15 16:11:04,280000000','DD.MM.RR HH24:MI:SSXFF'));
Insert into SNECH_DB.ISSUE_LOGS (LOG_ID,ISSUE_ID,LOG_TYPE,AUTHOR_LOGIN,DESCRIPTION,CREATED_ON) values ('524','283','AKTUALIZACIA','robert_a',null,to_timestamp('22.04.15 16:31:14,366000000','DD.MM.RR HH24:MI:SSXFF'));
Insert into SNECH_DB.ISSUE_LOGS (LOG_ID,ISSUE_ID,LOG_TYPE,AUTHOR_LOGIN,DESCRIPTION,CREATED_ON) values ('525','283','AKTUALIZACIA','robert_a',null,to_timestamp('22.04.15 16:31:17,693000000','DD.MM.RR HH24:MI:SSXFF'));
Insert into SNECH_DB.ISSUE_LOGS (LOG_ID,ISSUE_ID,LOG_TYPE,AUTHOR_LOGIN,DESCRIPTION,CREATED_ON) values ('526','281','AKTUALIZACIA','robert_a',null,to_timestamp('22.04.15 16:41:22,428000000','DD.MM.RR HH24:MI:SSXFF'));
Insert into SNECH_DB.ISSUE_LOGS (LOG_ID,ISSUE_ID,LOG_TYPE,AUTHOR_LOGIN,DESCRIPTION,CREATED_ON) values ('527','283','AKTUALIZACIA','robert_a',null,to_timestamp('22.04.15 16:44:36,207000000','DD.MM.RR HH24:MI:SSXFF'));
Insert into SNECH_DB.ISSUE_LOGS (LOG_ID,ISSUE_ID,LOG_TYPE,AUTHOR_LOGIN,DESCRIPTION,CREATED_ON) values ('528','283','AKTUALIZACIA','robert_a',null,to_timestamp('22.04.15 16:44:39,777000000','DD.MM.RR HH24:MI:SSXFF'));
Insert into SNECH_DB.ISSUE_LOGS (LOG_ID,ISSUE_ID,LOG_TYPE,AUTHOR_LOGIN,DESCRIPTION,CREATED_ON) values ('529','279','AKTUALIZACIA','robert_a',null,to_timestamp('22.04.15 16:47:17,383000000','DD.MM.RR HH24:MI:SSXFF'));
Insert into SNECH_DB.ISSUE_LOGS (LOG_ID,ISSUE_ID,LOG_TYPE,AUTHOR_LOGIN,DESCRIPTION,CREATED_ON) values ('530','283','AKTUALIZACIA','robert_a',null,to_timestamp('22.04.15 16:48:37,800000000','DD.MM.RR HH24:MI:SSXFF'));
Insert into SNECH_DB.ISSUE_LOGS (LOG_ID,ISSUE_ID,LOG_TYPE,AUTHOR_LOGIN,DESCRIPTION,CREATED_ON) values ('531','283','AKTUALIZACIA','robert_a',null,to_timestamp('22.04.15 16:48:45,491000000','DD.MM.RR HH24:MI:SSXFF'));
Insert into SNECH_DB.ISSUE_LOGS (LOG_ID,ISSUE_ID,LOG_TYPE,AUTHOR_LOGIN,DESCRIPTION,CREATED_ON) values ('532','283','AKTUALIZACIA','robert_a',null,to_timestamp('22.04.15 16:52:33,733000000','DD.MM.RR HH24:MI:SSXFF'));
Insert into SNECH_DB.ISSUE_LOGS (LOG_ID,ISSUE_ID,LOG_TYPE,AUTHOR_LOGIN,DESCRIPTION,CREATED_ON) values ('533','283','AKTUALIZACIA','robert_a',null,to_timestamp('22.04.15 16:52:45,632000000','DD.MM.RR HH24:MI:SSXFF'));
Insert into SNECH_DB.ISSUE_LOGS (LOG_ID,ISSUE_ID,LOG_TYPE,AUTHOR_LOGIN,DESCRIPTION,CREATED_ON) values ('534','281','AKTUALIZACIA','robert_a',null,to_timestamp('22.04.15 16:56:57,109000000','DD.MM.RR HH24:MI:SSXFF'));
Insert into SNECH_DB.ISSUE_LOGS (LOG_ID,ISSUE_ID,LOG_TYPE,AUTHOR_LOGIN,DESCRIPTION,CREATED_ON) values ('535','281','AKTUALIZACIA','robert_a',null,to_timestamp('22.04.15 16:57:03,491000000','DD.MM.RR HH24:MI:SSXFF'));
Insert into SNECH_DB.ISSUE_LOGS (LOG_ID,ISSUE_ID,LOG_TYPE,AUTHOR_LOGIN,DESCRIPTION,CREATED_ON) values ('536','281','AKTUALIZACIA','robert_a',null,to_timestamp('22.04.15 17:07:19,198000000','DD.MM.RR HH24:MI:SSXFF'));
Insert into SNECH_DB.ISSUE_LOGS (LOG_ID,ISSUE_ID,LOG_TYPE,AUTHOR_LOGIN,DESCRIPTION,CREATED_ON) values ('537','281','AKTUALIZACIA','robert_a',null,to_timestamp('22.04.15 17:07:25,263000000','DD.MM.RR HH24:MI:SSXFF'));
Insert into SNECH_DB.ISSUE_LOGS (LOG_ID,ISSUE_ID,LOG_TYPE,AUTHOR_LOGIN,DESCRIPTION,CREATED_ON) values ('538','281','AKTUALIZACIA','robert_a',null,to_timestamp('22.04.15 17:28:54,521000000','DD.MM.RR HH24:MI:SSXFF'));
Insert into SNECH_DB.ISSUE_LOGS (LOG_ID,ISSUE_ID,LOG_TYPE,AUTHOR_LOGIN,DESCRIPTION,CREATED_ON) values ('539','281','AKTUALIZACIA','robert_a',null,to_timestamp('22.04.15 17:29:01,899000000','DD.MM.RR HH24:MI:SSXFF'));
Insert into SNECH_DB.ISSUE_LOGS (LOG_ID,ISSUE_ID,LOG_TYPE,AUTHOR_LOGIN,DESCRIPTION,CREATED_ON) values ('540','283','AKTUALIZACIA','robert_a',null,to_timestamp('22.04.15 17:30:01,527000000','DD.MM.RR HH24:MI:SSXFF'));
Insert into SNECH_DB.ISSUE_LOGS (LOG_ID,ISSUE_ID,LOG_TYPE,AUTHOR_LOGIN,DESCRIPTION,CREATED_ON) values ('541','283','AKTUALIZACIA','robert_a',null,to_timestamp('22.04.15 17:30:07,167000000','DD.MM.RR HH24:MI:SSXFF'));
Insert into SNECH_DB.ISSUE_LOGS (LOG_ID,ISSUE_ID,LOG_TYPE,AUTHOR_LOGIN,DESCRIPTION,CREATED_ON) values ('542','275','AKTUALIZACIA','robert_a',null,to_timestamp('22.04.15 17:33:16,030000000','DD.MM.RR HH24:MI:SSXFF'));
Insert into SNECH_DB.ISSUE_LOGS (LOG_ID,ISSUE_ID,LOG_TYPE,AUTHOR_LOGIN,DESCRIPTION,CREATED_ON) values ('543','275','AKTUALIZACIA','robert_a',null,to_timestamp('22.04.15 17:33:23,509000000','DD.MM.RR HH24:MI:SSXFF'));
Insert into SNECH_DB.ISSUE_LOGS (LOG_ID,ISSUE_ID,LOG_TYPE,AUTHOR_LOGIN,DESCRIPTION,CREATED_ON) values ('561','281','AKTUALIZACIA','robert_a',null,to_timestamp('22.04.15 22:08:21,922000000','DD.MM.RR HH24:MI:SSXFF'));
Insert into SNECH_DB.ISSUE_LOGS (LOG_ID,ISSUE_ID,LOG_TYPE,AUTHOR_LOGIN,DESCRIPTION,CREATED_ON) values ('562','279','AKTUALIZACIA','robert_a',null,to_timestamp('22.04.15 23:23:50,178000000','DD.MM.RR HH24:MI:SSXFF'));
Insert into SNECH_DB.ISSUE_LOGS (LOG_ID,ISSUE_ID,LOG_TYPE,AUTHOR_LOGIN,DESCRIPTION,CREATED_ON) values ('563','269','AKTUALIZACIA','robert_a',null,to_timestamp('23.04.15 12:16:08,880000000','DD.MM.RR HH24:MI:SSXFF'));
Insert into SNECH_DB.ISSUE_LOGS (LOG_ID,ISSUE_ID,LOG_TYPE,AUTHOR_LOGIN,DESCRIPTION,CREATED_ON) values ('564','271','AKTUALIZACIA','robert_a',null,to_timestamp('23.04.15 12:28:05,643000000','DD.MM.RR HH24:MI:SSXFF'));
Insert into SNECH_DB.ISSUE_LOGS (LOG_ID,ISSUE_ID,LOG_TYPE,AUTHOR_LOGIN,DESCRIPTION,CREATED_ON) values ('565','283','AKTUALIZACIA','robert_a',null,to_timestamp('23.04.15 12:29:55,206000000','DD.MM.RR HH24:MI:SSXFF'));
Insert into SNECH_DB.ISSUE_LOGS (LOG_ID,ISSUE_ID,LOG_TYPE,AUTHOR_LOGIN,DESCRIPTION,CREATED_ON) values ('566','283','AKTUALIZACIA','robert_a',null,to_timestamp('23.04.15 12:30:20,919000000','DD.MM.RR HH24:MI:SSXFF'));
Insert into SNECH_DB.ISSUE_LOGS (LOG_ID,ISSUE_ID,LOG_TYPE,AUTHOR_LOGIN,DESCRIPTION,CREATED_ON) values ('567','279','AKTUALIZACIA','robert_a',null,to_timestamp('23.04.15 12:30:36,905000000','DD.MM.RR HH24:MI:SSXFF'));
Insert into SNECH_DB.ISSUE_LOGS (LOG_ID,ISSUE_ID,LOG_TYPE,AUTHOR_LOGIN,DESCRIPTION,CREATED_ON) values ('568','277','AKTUALIZACIA','robert_a',null,to_timestamp('23.04.15 12:30:48,249000000','DD.MM.RR HH24:MI:SSXFF'));
Insert into SNECH_DB.ISSUE_LOGS (LOG_ID,ISSUE_ID,LOG_TYPE,AUTHOR_LOGIN,DESCRIPTION,CREATED_ON) values ('569','275','AKTUALIZACIA','robert_a',null,to_timestamp('23.04.15 12:30:58,340000000','DD.MM.RR HH24:MI:SSXFF'));
Insert into SNECH_DB.ISSUE_LOGS (LOG_ID,ISSUE_ID,LOG_TYPE,AUTHOR_LOGIN,DESCRIPTION,CREATED_ON) values ('570','279','AKTUALIZACIA','jano',null,to_timestamp('23.04.15 12:32:50,175000000','DD.MM.RR HH24:MI:SSXFF'));
Insert into SNECH_DB.ISSUE_LOGS (LOG_ID,ISSUE_ID,LOG_TYPE,AUTHOR_LOGIN,DESCRIPTION,CREATED_ON) values ('571','283','AKTUALIZACIA','robert_a',null,to_timestamp('23.04.15 13:25:13,332000000','DD.MM.RR HH24:MI:SSXFF'));
Insert into SNECH_DB.ISSUE_LOGS (LOG_ID,ISSUE_ID,LOG_TYPE,AUTHOR_LOGIN,DESCRIPTION,CREATED_ON) values ('572','275','AKTUALIZACIA','robert_a',null,to_timestamp('23.04.15 13:26:06,311000000','DD.MM.RR HH24:MI:SSXFF'));
Insert into SNECH_DB.ISSUE_LOGS (LOG_ID,ISSUE_ID,LOG_TYPE,AUTHOR_LOGIN,DESCRIPTION,CREATED_ON) values ('573','275','AKTUALIZACIA','robert_a',null,to_timestamp('23.04.15 13:27:04,564000000','DD.MM.RR HH24:MI:SSXFF'));
Insert into SNECH_DB.ISSUE_LOGS (LOG_ID,ISSUE_ID,LOG_TYPE,AUTHOR_LOGIN,DESCRIPTION,CREATED_ON) values ('574','275','AKTUALIZACIA','robert_a',null,to_timestamp('23.04.15 13:29:25,653000000','DD.MM.RR HH24:MI:SSXFF'));
Insert into SNECH_DB.ISSUE_LOGS (LOG_ID,ISSUE_ID,LOG_TYPE,AUTHOR_LOGIN,DESCRIPTION,CREATED_ON) values ('575','275','AKTUALIZACIA','robert_a',null,to_timestamp('23.04.15 13:30:12,558000000','DD.MM.RR HH24:MI:SSXFF'));
Insert into SNECH_DB.ISSUE_LOGS (LOG_ID,ISSUE_ID,LOG_TYPE,AUTHOR_LOGIN,DESCRIPTION,CREATED_ON) values ('576','275','AKTUALIZACIA','robert_a',null,to_timestamp('23.04.15 13:30:59,090000000','DD.MM.RR HH24:MI:SSXFF'));
Insert into SNECH_DB.ISSUE_LOGS (LOG_ID,ISSUE_ID,LOG_TYPE,AUTHOR_LOGIN,DESCRIPTION,CREATED_ON) values ('577','279','AKTUALIZACIA','robert_a',null,to_timestamp('23.04.15 13:31:42,127000000','DD.MM.RR HH24:MI:SSXFF'));
Insert into SNECH_DB.ISSUE_LOGS (LOG_ID,ISSUE_ID,LOG_TYPE,AUTHOR_LOGIN,DESCRIPTION,CREATED_ON) values ('578','283','AKTUALIZACIA','robert_a',null,to_timestamp('23.04.15 14:23:37,402000000','DD.MM.RR HH24:MI:SSXFF'));
Insert into SNECH_DB.ISSUE_LOGS (LOG_ID,ISSUE_ID,LOG_TYPE,AUTHOR_LOGIN,DESCRIPTION,CREATED_ON) values ('579','283','AKTUALIZACIA','robert_a',null,to_timestamp('23.04.15 14:23:46,206000000','DD.MM.RR HH24:MI:SSXFF'));
Insert into SNECH_DB.ISSUE_LOGS (LOG_ID,ISSUE_ID,LOG_TYPE,AUTHOR_LOGIN,DESCRIPTION,CREATED_ON) values ('581','275','AKTUALIZACIA','robert_a',null,to_timestamp('27.04.15 22:53:58,389000000','DD.MM.RR HH24:MI:SSXFF'));
Insert into SNECH_DB.ISSUE_LOGS (LOG_ID,ISSUE_ID,LOG_TYPE,AUTHOR_LOGIN,DESCRIPTION,CREATED_ON) values ('582','275','AKTUALIZACIA','robert_a',null,to_timestamp('27.04.15 22:54:01,504000000','DD.MM.RR HH24:MI:SSXFF'));
Insert into SNECH_DB.ISSUE_LOGS (LOG_ID,ISSUE_ID,LOG_TYPE,AUTHOR_LOGIN,DESCRIPTION,CREATED_ON) values ('583','281','AKTUALIZACIA','robert_a',null,to_timestamp('28.04.15 13:36:17,740000000','DD.MM.RR HH24:MI:SSXFF'));
REM INSERTING into SNECH_DB.ISSUE_LOG_TYPES
SET DEFINE OFF;
Insert into SNECH_DB.ISSUE_LOG_TYPES (LOG_NAME,DESCRIPTION) values ('VYTVORENIE',null);
Insert into SNECH_DB.ISSUE_LOG_TYPES (LOG_NAME,DESCRIPTION) values ('ZMAZANIE',null);
Insert into SNECH_DB.ISSUE_LOG_TYPES (LOG_NAME,DESCRIPTION) values ('INE',null);
Insert into SNECH_DB.ISSUE_LOG_TYPES (LOG_NAME,DESCRIPTION) values ('AKTUALIZACIA',null);
REM INSERTING into SNECH_DB.ISSUE_PRIORITIES
SET DEFINE OFF;
Insert into SNECH_DB.ISSUE_PRIORITIES (CODE,DESCRIPTION) values ('A',null);
Insert into SNECH_DB.ISSUE_PRIORITIES (CODE,DESCRIPTION) values ('B',null);
Insert into SNECH_DB.ISSUE_PRIORITIES (CODE,DESCRIPTION) values ('C',null);
Insert into SNECH_DB.ISSUE_PRIORITIES (CODE,DESCRIPTION) values ('D',null);
Insert into SNECH_DB.ISSUE_PRIORITIES (CODE,DESCRIPTION) values ('E',null);
REM INSERTING into SNECH_DB.ISSUES
SET DEFINE OFF;
Insert into SNECH_DB.ISSUES (ISSUE_ID,USER_LOGIN,SUBJECT,CODE_PRIORITY,CODE_STATUS,ESTIMATED_TIME,CREATED_ON,LAST_UPDATE,MESSAGE,PROGRESS) values ('125','robert_u','Ccxzcxz','E','VYMAZANA',null,to_timestamp('22.03.15 12:15:28,724000000','DD.MM.RR HH24:MI:SSXFF'),null,null,'0');
Insert into SNECH_DB.ISSUES (ISSUE_ID,USER_LOGIN,SUBJECT,CODE_PRIORITY,CODE_STATUS,ESTIMATED_TIME,CREATED_ON,LAST_UPDATE,MESSAGE,PROGRESS) values ('127','robert_u','Roman','B','VYMAZANA',null,to_timestamp('22.03.15 18:50:08,006000000','DD.MM.RR HH24:MI:SSXFF'),null,'dasda','0');
Insert into SNECH_DB.ISSUES (ISSUE_ID,USER_LOGIN,SUBJECT,CODE_PRIORITY,CODE_STATUS,ESTIMATED_TIME,CREATED_ON,LAST_UPDATE,MESSAGE,PROGRESS) values ('121','robert_u','Lol','C','VYMAZANA',null,to_timestamp('21.03.15 13:51:36,974000000','DD.MM.RR HH24:MI:SSXFF'),null,'Dasda','70');
Insert into SNECH_DB.ISSUES (ISSUE_ID,USER_LOGIN,SUBJECT,CODE_PRIORITY,CODE_STATUS,ESTIMATED_TIME,CREATED_ON,LAST_UPDATE,MESSAGE,PROGRESS) values ('123','robert_u','Aadasasad','A','VYMAZANA',null,to_timestamp('21.03.15 13:51:55,797000000','DD.MM.RR HH24:MI:SSXFF'),null,'dasdas','90');
Insert into SNECH_DB.ISSUES (ISSUE_ID,USER_LOGIN,SUBJECT,CODE_PRIORITY,CODE_STATUS,ESTIMATED_TIME,CREATED_ON,LAST_UPDATE,MESSAGE,PROGRESS) values ('129','robert_u','mnxmz','B','VYMAZANA',null,to_timestamp('22.03.15 18:52:59,656000000','DD.MM.RR HH24:MI:SSXFF'),null,'dadas','90');
Insert into SNECH_DB.ISSUES (ISSUE_ID,USER_LOGIN,SUBJECT,CODE_PRIORITY,CODE_STATUS,ESTIMATED_TIME,CREATED_ON,LAST_UPDATE,MESSAGE,PROGRESS) values ('131','robert_u','Dasdas','E','VYMAZANA',null,to_timestamp('23.03.15 15:28:08,700000000','DD.MM.RR HH24:MI:SSXFF'),null,'dasdas','0');
Insert into SNECH_DB.ISSUES (ISSUE_ID,USER_LOGIN,SUBJECT,CODE_PRIORITY,CODE_STATUS,ESTIMATED_TIME,CREATED_ON,LAST_UPDATE,MESSAGE,PROGRESS) values ('145','robert_u','cxcz','E','VYMAZANA',null,to_timestamp('26.03.15 01:25:40,878000000','DD.MM.RR HH24:MI:SSXFF'),null,'dasdas','0');
Insert into SNECH_DB.ISSUES (ISSUE_ID,USER_LOGIN,SUBJECT,CODE_PRIORITY,CODE_STATUS,ESTIMATED_TIME,CREATED_ON,LAST_UPDATE,MESSAGE,PROGRESS) values ('147','robert_u','Dasdcxz','B','VYMAZANA',null,to_timestamp('31.03.15 23:34:54,168000000','DD.MM.RR HH24:MI:SSXFF'),null,'fdsfdsfsd','0');
Insert into SNECH_DB.ISSUES (ISSUE_ID,USER_LOGIN,SUBJECT,CODE_PRIORITY,CODE_STATUS,ESTIMATED_TIME,CREATED_ON,LAST_UPDATE,MESSAGE,PROGRESS) values ('149','robert_u','bcvn,hj','B','VYMAZANA',null,to_timestamp('31.03.15 23:35:33,252000000','DD.MM.RR HH24:MI:SSXFF'),null,'hgfhgf','0');
Insert into SNECH_DB.ISSUES (ISSUE_ID,USER_LOGIN,SUBJECT,CODE_PRIORITY,CODE_STATUS,ESTIMATED_TIME,CREATED_ON,LAST_UPDATE,MESSAGE,PROGRESS) values ('151','robert_u','vxcvxc','A','VYMAZANA',null,to_timestamp('31.03.15 23:37:07,543000000','DD.MM.RR HH24:MI:SSXFF'),null,'vxcvxcvxcvxc','0');
Insert into SNECH_DB.ISSUES (ISSUE_ID,USER_LOGIN,SUBJECT,CODE_PRIORITY,CODE_STATUS,ESTIMATED_TIME,CREATED_ON,LAST_UPDATE,MESSAGE,PROGRESS) values ('153','robert_u','cxzcxzbv bv','C','VYMAZANA',null,to_timestamp('31.03.15 23:37:56,801000000','DD.MM.RR HH24:MI:SSXFF'),null,'dasdasdas','0');
Insert into SNECH_DB.ISSUES (ISSUE_ID,USER_LOGIN,SUBJECT,CODE_PRIORITY,CODE_STATUS,ESTIMATED_TIME,CREATED_ON,LAST_UPDATE,MESSAGE,PROGRESS) values ('155','robert_u','Lkhjkh','C','VYMAZANA',null,to_timestamp('31.03.15 23:45:05,236000000','DD.MM.RR HH24:MI:SSXFF'),null,'hgfhgfhgfhgfhgfhfg','0');
Insert into SNECH_DB.ISSUES (ISSUE_ID,USER_LOGIN,SUBJECT,CODE_PRIORITY,CODE_STATUS,ESTIMATED_TIME,CREATED_ON,LAST_UPDATE,MESSAGE,PROGRESS) values ('157','robert_u','Dasdascxzbcv','D','VYMAZANA',null,to_timestamp('01.04.15 00:57:54,205000000','DD.MM.RR HH24:MI:SSXFF'),null,'fdsfdsfdsf','0');
Insert into SNECH_DB.ISSUES (ISSUE_ID,USER_LOGIN,SUBJECT,CODE_PRIORITY,CODE_STATUS,ESTIMATED_TIME,CREATED_ON,LAST_UPDATE,MESSAGE,PROGRESS) values ('159','robert_u','Evernote chyba','A','VYMAZANA',null,to_timestamp('04.04.15 15:57:59,950000000','DD.MM.RR HH24:MI:SSXFF'),null,'Dasjdas','0');
Insert into SNECH_DB.ISSUES (ISSUE_ID,USER_LOGIN,SUBJECT,CODE_PRIORITY,CODE_STATUS,ESTIMATED_TIME,CREATED_ON,LAST_UPDATE,MESSAGE,PROGRESS) values ('163','robert_u','SKuska','A','VYMAZANA',null,to_timestamp('04.04.15 16:39:24,673000000','DD.MM.RR HH24:MI:SSXFF'),null,'dadas','0');
Insert into SNECH_DB.ISSUES (ISSUE_ID,USER_LOGIN,SUBJECT,CODE_PRIORITY,CODE_STATUS,ESTIMATED_TIME,CREATED_ON,LAST_UPDATE,MESSAGE,PROGRESS) values ('165','robert_u','Ddsadas','A','VYMAZANA',null,to_timestamp('04.04.15 16:41:38,168000000','DD.MM.RR HH24:MI:SSXFF'),null,'dasdsad','0');
Insert into SNECH_DB.ISSUES (ISSUE_ID,USER_LOGIN,SUBJECT,CODE_PRIORITY,CODE_STATUS,ESTIMATED_TIME,CREATED_ON,LAST_UPDATE,MESSAGE,PROGRESS) values ('167','robert_u','Dadasd','C','VYMAZANA',null,to_timestamp('04.04.15 16:42:06,582000000','DD.MM.RR HH24:MI:SSXFF'),null,'dasdsa','0');
Insert into SNECH_DB.ISSUES (ISSUE_ID,USER_LOGIN,SUBJECT,CODE_PRIORITY,CODE_STATUS,ESTIMATED_TIME,CREATED_ON,LAST_UPDATE,MESSAGE,PROGRESS) values ('169','robert_u','jjhg','C','VYMAZANA',null,to_timestamp('04.04.15 16:43:01,298000000','DD.MM.RR HH24:MI:SSXFF'),null,'jhhjbvnb','0');
Insert into SNECH_DB.ISSUES (ISSUE_ID,USER_LOGIN,SUBJECT,CODE_PRIORITY,CODE_STATUS,ESTIMATED_TIME,CREATED_ON,LAST_UPDATE,MESSAGE,PROGRESS) values ('171','robert_u','Dasda','E','VYMAZANA',null,to_timestamp('04.04.15 16:44:46,666000000','DD.MM.RR HH24:MI:SSXFF'),null,'dsadsadas','0');
Insert into SNECH_DB.ISSUES (ISSUE_ID,USER_LOGIN,SUBJECT,CODE_PRIORITY,CODE_STATUS,ESTIMATED_TIME,CREATED_ON,LAST_UPDATE,MESSAGE,PROGRESS) values ('173','robert_u','Dzcxz','D','VYMAZANA',null,to_timestamp('04.04.15 16:45:04,890000000','DD.MM.RR HH24:MI:SSXFF'),null,'Dasdasd','0');
Insert into SNECH_DB.ISSUES (ISSUE_ID,USER_LOGIN,SUBJECT,CODE_PRIORITY,CODE_STATUS,ESTIMATED_TIME,CREATED_ON,LAST_UPDATE,MESSAGE,PROGRESS) values ('175','robert_u','Dadas','E','VYMAZANA',null,to_timestamp('04.04.15 16:49:11,586000000','DD.MM.RR HH24:MI:SSXFF'),null,'Dadsa','0');
Insert into SNECH_DB.ISSUES (ISSUE_ID,USER_LOGIN,SUBJECT,CODE_PRIORITY,CODE_STATUS,ESTIMATED_TIME,CREATED_ON,LAST_UPDATE,MESSAGE,PROGRESS) values ('177','robert_u','Dadsa','D','VYMAZANA',null,to_timestamp('04.04.15 16:49:57,328000000','DD.MM.RR HH24:MI:SSXFF'),null,'Dasdsa','0');
Insert into SNECH_DB.ISSUES (ISSUE_ID,USER_LOGIN,SUBJECT,CODE_PRIORITY,CODE_STATUS,ESTIMATED_TIME,CREATED_ON,LAST_UPDATE,MESSAGE,PROGRESS) values ('179','robert_u','Dsadas','C','VYMAZANA',null,to_timestamp('04.04.15 16:57:20,454000000','DD.MM.RR HH24:MI:SSXFF'),null,'Dasda','0');
Insert into SNECH_DB.ISSUES (ISSUE_ID,USER_LOGIN,SUBJECT,CODE_PRIORITY,CODE_STATUS,ESTIMATED_TIME,CREATED_ON,LAST_UPDATE,MESSAGE,PROGRESS) values ('181','robert_u','Dasd','C','VYMAZANA',null,to_timestamp('04.04.15 16:57:37,619000000','DD.MM.RR HH24:MI:SSXFF'),null,'Dasdas','0');
Insert into SNECH_DB.ISSUES (ISSUE_ID,USER_LOGIN,SUBJECT,CODE_PRIORITY,CODE_STATUS,ESTIMATED_TIME,CREATED_ON,LAST_UPDATE,MESSAGE,PROGRESS) values ('187','robert_u','Dsadsa','A','VYMAZANA',null,to_timestamp('04.04.15 17:10:59,724000000','DD.MM.RR HH24:MI:SSXFF'),null,'Dsadas','0');
Insert into SNECH_DB.ISSUES (ISSUE_ID,USER_LOGIN,SUBJECT,CODE_PRIORITY,CODE_STATUS,ESTIMATED_TIME,CREATED_ON,LAST_UPDATE,MESSAGE,PROGRESS) values ('197','robert_u','bvmhsurw','E','VYMAZANA',null,to_timestamp('04.04.15 17:30:05,272000000','DD.MM.RR HH24:MI:SSXFF'),null,'Dvxvxc','0');
Insert into SNECH_DB.ISSUES (ISSUE_ID,USER_LOGIN,SUBJECT,CODE_PRIORITY,CODE_STATUS,ESTIMATED_TIME,CREATED_ON,LAST_UPDATE,MESSAGE,PROGRESS) values ('199','robert_u','k;p;l','C','VYMAZANA',null,to_timestamp('04.04.15 17:30:31,359000000','DD.MM.RR HH24:MI:SSXFF'),null,'nbvnvbnbv','0');
Insert into SNECH_DB.ISSUES (ISSUE_ID,USER_LOGIN,SUBJECT,CODE_PRIORITY,CODE_STATUS,ESTIMATED_TIME,CREATED_ON,LAST_UPDATE,MESSAGE,PROGRESS) values ('201','robert_u','Dasdbvcbc','B','VYMAZANA',null,to_timestamp('04.04.15 17:32:53,768000000','DD.MM.RR HH24:MI:SSXFF'),null,'Dsadasdsa','0');
Insert into SNECH_DB.ISSUES (ISSUE_ID,USER_LOGIN,SUBJECT,CODE_PRIORITY,CODE_STATUS,ESTIMATED_TIME,CREATED_ON,LAST_UPDATE,MESSAGE,PROGRESS) values ('203','robert_u','Lolvcxz','B','VYMAZANA',null,to_timestamp('04.04.15 19:50:45,792000000','DD.MM.RR HH24:MI:SSXFF'),null,'Dasdas','0');
Insert into SNECH_DB.ISSUES (ISSUE_ID,USER_LOGIN,SUBJECT,CODE_PRIORITY,CODE_STATUS,ESTIMATED_TIME,CREATED_ON,LAST_UPDATE,MESSAGE,PROGRESS) values ('205','robert_u','Dasdsaczxcb','C','VYMAZANA',null,to_timestamp('04.04.15 19:52:38,661000000','DD.MM.RR HH24:MI:SSXFF'),null,'czxnfhjhjf','0');
Insert into SNECH_DB.ISSUES (ISSUE_ID,USER_LOGIN,SUBJECT,CODE_PRIORITY,CODE_STATUS,ESTIMATED_TIME,CREATED_ON,LAST_UPDATE,MESSAGE,PROGRESS) values ('209','robert_u','nbvncxz99','C','VYMAZANA',null,to_timestamp('04.04.15 19:56:08,711000000','DD.MM.RR HH24:MI:SSXFF'),null,'gdfgdfgdf','0');
Insert into SNECH_DB.ISSUES (ISSUE_ID,USER_LOGIN,SUBJECT,CODE_PRIORITY,CODE_STATUS,ESTIMATED_TIME,CREATED_ON,LAST_UPDATE,MESSAGE,PROGRESS) values ('211','robert_u','Dcxznjg','C','VYMAZANA',null,to_timestamp('04.04.15 19:56:35,686000000','DD.MM.RR HH24:MI:SSXFF'),null,'fsdfbxckhjjgfhgf','0');
Insert into SNECH_DB.ISSUES (ISSUE_ID,USER_LOGIN,SUBJECT,CODE_PRIORITY,CODE_STATUS,ESTIMATED_TIME,CREATED_ON,LAST_UPDATE,MESSAGE,PROGRESS) values ('213','robert_u','nn647631','D','VYMAZANA',null,to_timestamp('04.04.15 19:56:57,466000000','DD.MM.RR HH24:MI:SSXFF'),null,'dbcxvbkhjdascxzv','0');
Insert into SNECH_DB.ISSUES (ISSUE_ID,USER_LOGIN,SUBJECT,CODE_PRIORITY,CODE_STATUS,ESTIMATED_TIME,CREATED_ON,LAST_UPDATE,MESSAGE,PROGRESS) values ('215','robert_u','poieqwzcb','B','VYMAZANA',null,to_timestamp('04.04.15 20:01:06,667000000','DD.MM.RR HH24:MI:SSXFF'),null,'fdsfsdvcxvcx','0');
Insert into SNECH_DB.ISSUES (ISSUE_ID,USER_LOGIN,SUBJECT,CODE_PRIORITY,CODE_STATUS,ESTIMATED_TIME,CREATED_ON,LAST_UPDATE,MESSAGE,PROGRESS) values ('217','robert_u','Dasdczn','E','VYMAZANA',null,to_timestamp('04.04.15 20:02:09,058000000','DD.MM.RR HH24:MI:SSXFF'),null,'gdfgdAD','0');
Insert into SNECH_DB.ISSUES (ISSUE_ID,USER_LOGIN,SUBJECT,CODE_PRIORITY,CODE_STATUS,ESTIMATED_TIME,CREATED_ON,LAST_UPDATE,MESSAGE,PROGRESS) values ('219','robert_u','kuip5340890','C','VYMAZANA',null,to_timestamp('04.04.15 20:20:33,627000000','DD.MM.RR HH24:MI:SSXFF'),null,'hdfbcv','0');
Insert into SNECH_DB.ISSUES (ISSUE_ID,USER_LOGIN,SUBJECT,CODE_PRIORITY,CODE_STATUS,ESTIMATED_TIME,CREATED_ON,LAST_UPDATE,MESSAGE,PROGRESS) values ('221','robert_u','jklczx','A','VYMAZANA',null,to_timestamp('04.04.15 20:48:19,835000000','DD.MM.RR HH24:MI:SSXFF'),null,'Dsadsa','0');
Insert into SNECH_DB.ISSUES (ISSUE_ID,USER_LOGIN,SUBJECT,CODE_PRIORITY,CODE_STATUS,ESTIMATED_TIME,CREATED_ON,LAST_UPDATE,MESSAGE,PROGRESS) values ('223','robert_u','poipuioyu787867','D','VYMAZANA',null,to_timestamp('04.04.15 21:37:08,798000000','DD.MM.RR HH24:MI:SSXFF'),null,'dsadasbnjgyd','0');
Insert into SNECH_DB.ISSUES (ISSUE_ID,USER_LOGIN,SUBJECT,CODE_PRIORITY,CODE_STATUS,ESTIMATED_TIME,CREATED_ON,LAST_UPDATE,MESSAGE,PROGRESS) values ('225','robert_u','bvcnvbc ,nmnb','D','VYMAZANA',null,to_timestamp('04.04.15 21:39:35,153000000','DD.MM.RR HH24:MI:SSXFF'),null,',bncvxcsadkuyoiazxcz','0');
Insert into SNECH_DB.ISSUES (ISSUE_ID,USER_LOGIN,SUBJECT,CODE_PRIORITY,CODE_STATUS,ESTIMATED_TIME,CREATED_ON,LAST_UPDATE,MESSAGE,PROGRESS) values ('227','robert_u','poisfsd','B','VYMAZANA',null,to_timestamp('04.04.15 21:42:05,624000000','DD.MM.RR HH24:MI:SSXFF'),null,'vxcvcxigasdasdsadsak','0');
Insert into SNECH_DB.ISSUES (ISSUE_ID,USER_LOGIN,SUBJECT,CODE_PRIORITY,CODE_STATUS,ESTIMATED_TIME,CREATED_ON,LAST_UPDATE,MESSAGE,PROGRESS) values ('229','robert_u','bvcbdasd','B','VYMAZANA',null,to_timestamp('04.04.15 21:44:12,742000000','DD.MM.RR HH24:MI:SSXFF'),null,'gfdgfdhncbxcxcvcx','0');
Insert into SNECH_DB.ISSUES (ISSUE_ID,USER_LOGIN,SUBJECT,CODE_PRIORITY,CODE_STATUS,ESTIMATED_TIME,CREATED_ON,LAST_UPDATE,MESSAGE,PROGRESS) values ('231','robert_u','cdfgdsczx','D','VYMAZANA',null,to_timestamp('04.04.15 21:46:38,492000000','DD.MM.RR HH24:MI:SSXFF'),null,'hgfhfhgfhf','0');
Insert into SNECH_DB.ISSUES (ISSUE_ID,USER_LOGIN,SUBJECT,CODE_PRIORITY,CODE_STATUS,ESTIMATED_TIME,CREATED_ON,LAST_UPDATE,MESSAGE,PROGRESS) values ('233','robert_u','vxcbcghdf','C','VYMAZANA',null,to_timestamp('04.04.15 21:49:15,520000000','DD.MM.RR HH24:MI:SSXFF'),null,'gdfgdscz x','0');
Insert into SNECH_DB.ISSUES (ISSUE_ID,USER_LOGIN,SUBJECT,CODE_PRIORITY,CODE_STATUS,ESTIMATED_TIME,CREATED_ON,LAST_UPDATE,MESSAGE,PROGRESS) values ('235','robert_u','fsdfd','D','VYMAZANA',null,to_timestamp('04.04.15 21:50:04,903000000','DD.MM.RR HH24:MI:SSXFF'),null,'dasdszczxbxv','0');
Insert into SNECH_DB.ISSUES (ISSUE_ID,USER_LOGIN,SUBJECT,CODE_PRIORITY,CODE_STATUS,ESTIMATED_TIME,CREATED_ON,LAST_UPDATE,MESSAGE,PROGRESS) values ('237','robert_u','cxzcvcxvcxar','C','VYMAZANA',null,to_timestamp('04.04.15 22:02:31,850000000','DD.MM.RR HH24:MI:SSXFF'),null,'dsadsad saxzc','0');
Insert into SNECH_DB.ISSUES (ISSUE_ID,USER_LOGIN,SUBJECT,CODE_PRIORITY,CODE_STATUS,ESTIMATED_TIME,CREATED_ON,LAST_UPDATE,MESSAGE,PROGRESS) values ('239','robert_u','bdbcv','C','VYMAZANA',null,to_timestamp('04.04.15 22:04:08,231000000','DD.MM.RR HH24:MI:SSXFF'),null,'jghjgfn nbv','0');
Insert into SNECH_DB.ISSUES (ISSUE_ID,USER_LOGIN,SUBJECT,CODE_PRIORITY,CODE_STATUS,ESTIMATED_TIME,CREATED_ON,LAST_UPDATE,MESSAGE,PROGRESS) values ('241','robert_u','rfsd','B','VYMAZANA',null,to_timestamp('04.04.15 22:07:59,199000000','DD.MM.RR HH24:MI:SSXFF'),null,'czxczxc','0');
Insert into SNECH_DB.ISSUES (ISSUE_ID,USER_LOGIN,SUBJECT,CODE_PRIORITY,CODE_STATUS,ESTIMATED_TIME,CREATED_ON,LAST_UPDATE,MESSAGE,PROGRESS) values ('243','robert_u','asdsa','D','VYMAZANA',null,to_timestamp('04.04.15 23:15:21,723000000','DD.MM.RR HH24:MI:SSXFF'),null,'dsadsadas','0');
Insert into SNECH_DB.ISSUES (ISSUE_ID,USER_LOGIN,SUBJECT,CODE_PRIORITY,CODE_STATUS,ESTIMATED_TIME,CREATED_ON,LAST_UPDATE,MESSAGE,PROGRESS) values ('245','robert_u','vxzvxc','A','VYMAZANA',null,to_timestamp('04.04.15 23:16:04,722000000','DD.MM.RR HH24:MI:SSXFF'),null,'dasdsaczx','0');
Insert into SNECH_DB.ISSUES (ISSUE_ID,USER_LOGIN,SUBJECT,CODE_PRIORITY,CODE_STATUS,ESTIMATED_TIME,CREATED_ON,LAST_UPDATE,MESSAGE,PROGRESS) values ('247','robert_u','cdghdf','A','VYMAZANA',null,to_timestamp('06.04.15 19:24:45,610000000','DD.MM.RR HH24:MI:SSXFF'),null,'dasdbc','80');
Insert into SNECH_DB.ISSUES (ISSUE_ID,USER_LOGIN,SUBJECT,CODE_PRIORITY,CODE_STATUS,ESTIMATED_TIME,CREATED_ON,LAST_UPDATE,MESSAGE,PROGRESS) values ('249','robert_u','xcvcxv','D','NOVA',null,to_timestamp('06.04.15 21:14:56,521000000','DD.MM.RR HH24:MI:SSXFF'),null,'dasdasj','0');
Insert into SNECH_DB.ISSUES (ISSUE_ID,USER_LOGIN,SUBJECT,CODE_PRIORITY,CODE_STATUS,ESTIMATED_TIME,CREATED_ON,LAST_UPDATE,MESSAGE,PROGRESS) values ('251','robert_u','Dasdcvxnbcnbvzxcv','C','NOVA',null,to_timestamp('06.04.15 21:59:16,991000000','DD.MM.RR HH24:MI:SSXFF'),null,'DFjckzljgdf','0');
Insert into SNECH_DB.ISSUES (ISSUE_ID,USER_LOGIN,SUBJECT,CODE_PRIORITY,CODE_STATUS,ESTIMATED_TIME,CREATED_ON,LAST_UPDATE,MESSAGE,PROGRESS) values ('253','robert_u','bfbgdf','B','NOVA',null,to_timestamp('06.04.15 22:08:40,753000000','DD.MM.RR HH24:MI:SSXFF'),null,'fdsfds','0');
Insert into SNECH_DB.ISSUES (ISSUE_ID,USER_LOGIN,SUBJECT,CODE_PRIORITY,CODE_STATUS,ESTIMATED_TIME,CREATED_ON,LAST_UPDATE,MESSAGE,PROGRESS) values ('255','robert_d','Sadas','C','VYMAZANA',null,to_timestamp('06.04.15 23:23:11,023000000','DD.MM.RR HH24:MI:SSXFF'),null,'casdsad','0');
Insert into SNECH_DB.ISSUES (ISSUE_ID,USER_LOGIN,SUBJECT,CODE_PRIORITY,CODE_STATUS,ESTIMATED_TIME,CREATED_ON,LAST_UPDATE,MESSAGE,PROGRESS) values ('257','robert_u','Dasdsa','D','ZAMIETNUTA',to_timestamp('10.04.15 14:27:00,000000000','DD.MM.RR HH24:MI:SSXFF'),to_timestamp('07.04.15 14:39:58,556000000','DD.MM.RR HH24:MI:SSXFF'),null,'dasdasdasd','90');
Insert into SNECH_DB.ISSUES (ISSUE_ID,USER_LOGIN,SUBJECT,CODE_PRIORITY,CODE_STATUS,ESTIMATED_TIME,CREATED_ON,LAST_UPDATE,MESSAGE,PROGRESS) values ('259','robert_u','ggfdgdfdasd','D','VYMAZANA',null,to_timestamp('07.04.15 17:17:20,592000000','DD.MM.RR HH24:MI:SSXFF'),null,'Dsadasdcxzcxz','100');
Insert into SNECH_DB.ISSUES (ISSUE_ID,USER_LOGIN,SUBJECT,CODE_PRIORITY,CODE_STATUS,ESTIMATED_TIME,CREATED_ON,LAST_UPDATE,MESSAGE,PROGRESS) values ('263','robert_d','plpkuny','A','VYMAZANA',null,to_timestamp('09.04.15 08:46:35,990000000','DD.MM.RR HH24:MI:SSXFF'),null,'dasdsadas','60');
Insert into SNECH_DB.ISSUES (ISSUE_ID,USER_LOGIN,SUBJECT,CODE_PRIORITY,CODE_STATUS,ESTIMATED_TIME,CREATED_ON,LAST_UPDATE,MESSAGE,PROGRESS) values ('265','robert_d','Program sa rozsypal','B','VYMAZANA',to_timestamp('28.05.15 20:44:00,000000000','DD.MM.RR HH24:MI:SSXFF'),to_timestamp('09.04.15 08:47:19,298000000','DD.MM.RR HH24:MI:SSXFF'),null,'Nmvxcn,vcx','90');
Insert into SNECH_DB.ISSUES (ISSUE_ID,USER_LOGIN,SUBJECT,CODE_PRIORITY,CODE_STATUS,ESTIMATED_TIME,CREATED_ON,LAST_UPDATE,MESSAGE,PROGRESS) values ('267','robert_d','kKJHFdjshsajdha','A','VYMAZANA',null,to_timestamp('09.04.15 15:14:31,118000000','DD.MM.RR HH24:MI:SSXFF'),null,'HDJhasjdk','20');
Insert into SNECH_DB.ISSUES (ISSUE_ID,USER_LOGIN,SUBJECT,CODE_PRIORITY,CODE_STATUS,ESTIMATED_TIME,CREATED_ON,LAST_UPDATE,MESSAGE,PROGRESS) values ('269','robert_d','Toto dneskajk','A','VYMAZANA',to_timestamp('25.04.15 11:19:00,000000000','DD.MM.RR HH24:MI:SSXFF'),to_timestamp('10.04.15 14:41:33,521000000','DD.MM.RR HH24:MI:SSXFF'),null,'Dsadasd','50');
Insert into SNECH_DB.ISSUES (ISSUE_ID,USER_LOGIN,SUBJECT,CODE_PRIORITY,CODE_STATUS,ESTIMATED_TIME,CREATED_ON,LAST_UPDATE,MESSAGE,PROGRESS) values ('271','robert_d','kljhnjklnm','E','VYMAZANA',to_timestamp('17.04.15 20:32:00,000000000','DD.MM.RR HH24:MI:SSXFF'),to_timestamp('11.04.15 09:26:48,252000000','DD.MM.RR HH24:MI:SSXFF'),null,'Dasdasdas','90');
Insert into SNECH_DB.ISSUES (ISSUE_ID,USER_LOGIN,SUBJECT,CODE_PRIORITY,CODE_STATUS,ESTIMATED_TIME,CREATED_ON,LAST_UPDATE,MESSAGE,PROGRESS) values ('273','robert_d','hjkhkhkj','A','VYMAZANA',to_timestamp('16.04.15 23:00:00,000000000','DD.MM.RR HH24:MI:SSXFF'),to_timestamp('14.04.15 08:19:40,727000000','DD.MM.RR HH24:MI:SSXFF'),null,'DHJkldjsadsakjkvkx','0');
Insert into SNECH_DB.ISSUES (ISSUE_ID,USER_LOGIN,SUBJECT,CODE_PRIORITY,CODE_STATUS,ESTIMATED_TIME,CREATED_ON,LAST_UPDATE,MESSAGE,PROGRESS) values ('275','robert_a','Lorem ipsum dolor sit amet','C','NOVA',null,to_timestamp('22.04.15 02:08:06,521000000','DD.MM.RR HH24:MI:SSXFF'),null,'Auam. Donec dignissim urna nibh, ac condimentum tellus maximus sit amet. Mauris purus enim, pretium nec ultrices ac, tincidunt eu felis. Donec fermentum urna vitae elementum interdum. Praesent luctus vulputate tellus, nec pretium justo viverra eget. Sed auctor sollicitudin est id interdum. Mauris sollicitudin justo felis, ut auctor arcu vulputate sit amet. Nulla eu varius urna.','0');
Insert into SNECH_DB.ISSUES (ISSUE_ID,USER_LOGIN,SUBJECT,CODE_PRIORITY,CODE_STATUS,ESTIMATED_TIME,CREATED_ON,LAST_UPDATE,MESSAGE,PROGRESS) values ('277','robert_a','Curabitur commodo libero','D','NOVA',null,to_timestamp('22.04.15 02:08:40,328000000','DD.MM.RR HH24:MI:SSXFF'),null,'ut mauris semper rutrum. Nullam quis ultrices velit, non dapibus arcu. Etiam vel ante vitae mi lacinia fringilla at ut tellus. Nullam sed lacinia purus. In et sem tristique, laoreet nisi nec, sagittis leo. Donec fringilla gravida orci, vitae hendrerit elit porta vitae. Aliquam erat volutpat. Nunc facilisis urna ac vestibulum hendrerit. Pellentesque accumsan dignissim dolor, eu pulvinar ni','0');
Insert into SNECH_DB.ISSUES (ISSUE_ID,USER_LOGIN,SUBJECT,CODE_PRIORITY,CODE_STATUS,ESTIMATED_TIME,CREATED_ON,LAST_UPDATE,MESSAGE,PROGRESS) values ('279','robert_a','Integer aliquam aliquam ultricie','C','PREBIEHA',to_timestamp('09.04.15 00:32:00,000000000','DD.MM.RR HH24:MI:SSXFF'),to_timestamp('22.04.15 02:08:55,480000000','DD.MM.RR HH24:MI:SSXFF'),null,'Integer aliquam aliquam ultricies. Suspendisse rhoncus fringilla lectus, vitae accumsan turpis aliquam nec. Nulla facilisi. Aliquam ac ultrices leo. Sed volutpat metus ut hendrerit sagittis. Sed id velit mattis, condimentum elit et, fringilla ligula. Sed dignissim auctor e','10');
Insert into SNECH_DB.ISSUES (ISSUE_ID,USER_LOGIN,SUBJECT,CODE_PRIORITY,CODE_STATUS,ESTIMATED_TIME,CREATED_ON,LAST_UPDATE,MESSAGE,PROGRESS) values ('281','robert_a','Fusce vestibulum','E','PREBIEHA',to_timestamp('30.04.15 02:10:00,000000000','DD.MM.RR HH24:MI:SSXFF'),to_timestamp('22.04.15 02:09:13,502000000','DD.MM.RR HH24:MI:SSXFF'),null,'Fusce vestibulum, justo vel tincidunt vulputate, nunc nisl placerat justo, ac ultricies dui felis rhoncus ligula. Curabitur vitae massa vestibulum','50');
Insert into SNECH_DB.ISSUES (ISSUE_ID,USER_LOGIN,SUBJECT,CODE_PRIORITY,CODE_STATUS,ESTIMATED_TIME,CREATED_ON,LAST_UPDATE,MESSAGE,PROGRESS) values ('283','robert_a','Ois felis elit quis magna','D','NOVA',null,to_timestamp('22.04.15 02:09:53,225000000','DD.MM.RR HH24:MI:SSXFF'),null,'llis felis elit quis magna. Nam ut orci ante. Suspendisse non metus nisi. Interdum et malesuada fames ac ante ipsum primis in faucibus. P','0');
REM INSERTING into SNECH_DB.ISSUE_STATUS
SET DEFINE OFF;
Insert into SNECH_DB.ISSUE_STATUS (CODE,DESCRIPTION) values ('NOVA',null);
Insert into SNECH_DB.ISSUE_STATUS (CODE,DESCRIPTION) values ('PREBIEHA',null);
Insert into SNECH_DB.ISSUE_STATUS (CODE,DESCRIPTION) values ('VYRIESENA',null);
Insert into SNECH_DB.ISSUE_STATUS (CODE,DESCRIPTION) values ('ZAMIETNUTA',null);
Insert into SNECH_DB.ISSUE_STATUS (CODE,DESCRIPTION) values ('INY',null);
Insert into SNECH_DB.ISSUE_STATUS (CODE,DESCRIPTION) values ('VYMAZANA',null);
REM INSERTING into SNECH_DB.NOTICES
SET DEFINE OFF;
Insert into SNECH_DB.NOTICES (NOTICE_ID,SUBJECT,CREATED_ON,VISIBLE,AUTHOR_ID,MESSAGE) values ('1','Pellentesque et tincidunt',to_timestamp('23.04.15 11:53:11,363000000','DD.MM.RR HH24:MI:SSXFF'),'1','1','Duis eleifend metus orci, eget facilisis tellus maximus quis. Duis a cursus nulla. Mauris bibendum urna a nisi efficitur pretium. Interdum et malesuada');
Insert into SNECH_DB.NOTICES (NOTICE_ID,SUBJECT,CREATED_ON,VISIBLE,AUTHOR_ID,MESSAGE) values ('2','Interdum et malesuada fames',to_timestamp('23.04.15 11:53:36,552000000','DD.MM.RR HH24:MI:SSXFF'),'1','1','Lorem ipsum dolor sit amet, consectetur adipiscing elit. Ut ultrices ipsum ut mi luctus, quis consectetur mi tristique. Aenean accumsan sapien nisi');
REM INSERTING into SNECH_DB.USER_LOGINS
SET DEFINE OFF;
Insert into SNECH_DB.USER_LOGINS (LOGIN,USER_ID,PASSWORD,ROLE_ID,SALT) values ('robert_u','1','aad357d9d4435e55671b9a58752effa2860d4e23751e8d2b8fd0c0af8390f200','1','df117992856e5e0ff800586f11541899');
Insert into SNECH_DB.USER_LOGINS (LOGIN,USER_ID,PASSWORD,ROLE_ID,SALT) values ('robert_d','1','ec5f86977d0dc3544f62106b29947b336227d912e41aaa5c09219e7273235c8f','2','563cc1dd8a38141756c9bc95c1f8463d');
Insert into SNECH_DB.USER_LOGINS (LOGIN,USER_ID,PASSWORD,ROLE_ID,SALT) values ('jano','4','ec5f86977d0dc3544f62106b29947b336227d912e41aaa5c09219e7273235c8f','2','563cc1dd8a38141756c9bc95c1f8463d');
Insert into SNECH_DB.USER_LOGINS (LOGIN,USER_ID,PASSWORD,ROLE_ID,SALT) values ('robert_a','1','ec5f86977d0dc3544f62106b29947b336227d912e41aaa5c09219e7273235c8f','3','563cc1dd8a38141756c9bc95c1f8463d');
Insert into SNECH_DB.USER_LOGINS (LOGIN,USER_ID,PASSWORD,ROLE_ID,SALT) values ('slanina','3','ec5f86977d0dc3544f62106b29947b336227d912e41aaa5c09219e7273235c8f','2','563cc1dd8a38141756c9bc95c1f8463d');
REM INSERTING into SNECH_DB.USER_ROLES
SET DEFINE OFF;
Insert into SNECH_DB.USER_ROLES (ROLE_ID,ROLE_NAME) values ('1','UZIVATEL');
Insert into SNECH_DB.USER_ROLES (ROLE_ID,ROLE_NAME) values ('2','TECHNIK');
Insert into SNECH_DB.USER_ROLES (ROLE_ID,ROLE_NAME) values ('3','ADMIN');
REM INSERTING into SNECH_DB.USERS
SET DEFINE OFF;
Insert into SNECH_DB.USERS (USER_ID,FIRST_NAME,LAST_NAME,EMAIL,OCCUPATION,CREATED_ON) values ('1','Ragnar','Lothbrok','radovan.racak@gmail.com','udrzbar',to_timestamp('31.12.06 23:34:59,000000000','DD.MM.RR HH24:MI:SSXFF'));
Insert into SNECH_DB.USERS (USER_ID,FIRST_NAME,LAST_NAME,EMAIL,OCCUPATION,CREATED_ON) values ('3','Tomas','Bavala','radovan.racak@gmail.com','udrzbar',to_timestamp('31.12.06 23:34:59,000000000','DD.MM.RR HH24:MI:SSXFF'));
Insert into SNECH_DB.USERS (USER_ID,FIRST_NAME,LAST_NAME,EMAIL,OCCUPATION,CREATED_ON) values ('4','Jan','Slanina','radovan.racak@gmail.com','udrzbar',to_timestamp('31.12.06 23:34:59,000000000','DD.MM.RR HH24:MI:SSXFF'));
--------------------------------------------------------
--  DDL for Index ISSUES_SUBJECT_UK
--------------------------------------------------------

  CREATE UNIQUE INDEX "SNECH_DB"."ISSUES_SUBJECT_UK" ON "SNECH_DB"."ISSUES" ("SUBJECT") 
  PCTFREE 10 INITRANS 2 MAXTRANS 255 COMPUTE STATISTICS 
  STORAGE(INITIAL 65536 NEXT 1048576 MINEXTENTS 1 MAXEXTENTS 2147483645
  PCTINCREASE 0 FREELISTS 1 FREELIST GROUPS 1 BUFFER_POOL DEFAULT FLASH_CACHE DEFAULT CELL_FLASH_CACHE DEFAULT)
  TABLESPACE "SYSTEM" ;
--------------------------------------------------------
--  DDL for Index USERS_PK
--------------------------------------------------------

  CREATE UNIQUE INDEX "SNECH_DB"."USERS_PK" ON "SNECH_DB"."USERS" ("USER_ID") 
  PCTFREE 10 INITRANS 2 MAXTRANS 255 COMPUTE STATISTICS 
  STORAGE(INITIAL 65536 NEXT 1048576 MINEXTENTS 1 MAXEXTENTS 2147483645
  PCTINCREASE 0 FREELISTS 1 FREELIST GROUPS 1 BUFFER_POOL DEFAULT FLASH_CACHE DEFAULT CELL_FLASH_CACHE DEFAULT)
  TABLESPACE "SYSTEM" ;
--------------------------------------------------------
--  DDL for Index ISSUE_STATUS_PK
--------------------------------------------------------

  CREATE UNIQUE INDEX "SNECH_DB"."ISSUE_STATUS_PK" ON "SNECH_DB"."ISSUE_STATUS" ("CODE") 
  PCTFREE 10 INITRANS 2 MAXTRANS 255 COMPUTE STATISTICS 
  STORAGE(INITIAL 65536 NEXT 1048576 MINEXTENTS 1 MAXEXTENTS 2147483645
  PCTINCREASE 0 FREELISTS 1 FREELIST GROUPS 1 BUFFER_POOL DEFAULT FLASH_CACHE DEFAULT CELL_FLASH_CACHE DEFAULT)
  TABLESPACE "SYSTEM" ;
--------------------------------------------------------
--  DDL for Index ISSUE_LOGS_PK
--------------------------------------------------------

  CREATE UNIQUE INDEX "SNECH_DB"."ISSUE_LOGS_PK" ON "SNECH_DB"."ISSUE_LOGS" ("LOG_ID") 
  PCTFREE 10 INITRANS 2 MAXTRANS 255 COMPUTE STATISTICS 
  STORAGE(INITIAL 65536 NEXT 1048576 MINEXTENTS 1 MAXEXTENTS 2147483645
  PCTINCREASE 0 FREELISTS 1 FREELIST GROUPS 1 BUFFER_POOL DEFAULT FLASH_CACHE DEFAULT CELL_FLASH_CACHE DEFAULT)
  TABLESPACE "SYSTEM" ;
--------------------------------------------------------
--  DDL for Index ISSUE_PRIORITIES_PK
--------------------------------------------------------

  CREATE UNIQUE INDEX "SNECH_DB"."ISSUE_PRIORITIES_PK" ON "SNECH_DB"."ISSUE_PRIORITIES" ("CODE") 
  PCTFREE 10 INITRANS 2 MAXTRANS 255 COMPUTE STATISTICS 
  STORAGE(INITIAL 65536 NEXT 1048576 MINEXTENTS 1 MAXEXTENTS 2147483645
  PCTINCREASE 0 FREELISTS 1 FREELIST GROUPS 1 BUFFER_POOL DEFAULT FLASH_CACHE DEFAULT CELL_FLASH_CACHE DEFAULT)
  TABLESPACE "SYSTEM" ;
--------------------------------------------------------
--  DDL for Index ATTACHMENTS_PK
--------------------------------------------------------

  CREATE UNIQUE INDEX "SNECH_DB"."ATTACHMENTS_PK" ON "SNECH_DB"."ATTACHMENTS" ("ATTACHMENT_ID") 
  PCTFREE 10 INITRANS 2 MAXTRANS 255 COMPUTE STATISTICS 
  STORAGE(INITIAL 65536 NEXT 1048576 MINEXTENTS 1 MAXEXTENTS 2147483645
  PCTINCREASE 0 FREELISTS 1 FREELIST GROUPS 1 BUFFER_POOL DEFAULT FLASH_CACHE DEFAULT CELL_FLASH_CACHE DEFAULT)
  TABLESPACE "SYSTEM" ;
--------------------------------------------------------
--  DDL for Index USER_LOGINS_UK1
--------------------------------------------------------

  CREATE UNIQUE INDEX "SNECH_DB"."USER_LOGINS_UK1" ON "SNECH_DB"."USER_LOGINS" ("LOGIN") 
  PCTFREE 10 INITRANS 2 MAXTRANS 255 COMPUTE STATISTICS 
  STORAGE(INITIAL 65536 NEXT 1048576 MINEXTENTS 1 MAXEXTENTS 2147483645
  PCTINCREASE 0 FREELISTS 1 FREELIST GROUPS 1 BUFFER_POOL DEFAULT FLASH_CACHE DEFAULT CELL_FLASH_CACHE DEFAULT)
  TABLESPACE "SYSTEM" ;
--------------------------------------------------------
--  DDL for Index ASSIGNING_TASK_PK
--------------------------------------------------------

  CREATE UNIQUE INDEX "SNECH_DB"."ASSIGNING_TASK_PK" ON "SNECH_DB"."ASSIGNING_ISSUES" ("LOGIN", "ISSUE_ID") 
  PCTFREE 10 INITRANS 2 MAXTRANS 255 COMPUTE STATISTICS 
  STORAGE(INITIAL 65536 NEXT 1048576 MINEXTENTS 1 MAXEXTENTS 2147483645
  PCTINCREASE 0 FREELISTS 1 FREELIST GROUPS 1 BUFFER_POOL DEFAULT FLASH_CACHE DEFAULT CELL_FLASH_CACHE DEFAULT)
  TABLESPACE "SYSTEM" ;
--------------------------------------------------------
--  DDL for Index ISSUES_PK
--------------------------------------------------------

  CREATE UNIQUE INDEX "SNECH_DB"."ISSUES_PK" ON "SNECH_DB"."ISSUES" ("ISSUE_ID") 
  PCTFREE 10 INITRANS 2 MAXTRANS 255 COMPUTE STATISTICS 
  STORAGE(INITIAL 65536 NEXT 1048576 MINEXTENTS 1 MAXEXTENTS 2147483645
  PCTINCREASE 0 FREELISTS 1 FREELIST GROUPS 1 BUFFER_POOL DEFAULT FLASH_CACHE DEFAULT CELL_FLASH_CACHE DEFAULT)
  TABLESPACE "SYSTEM" ;
--------------------------------------------------------
--  DDL for Index ISSUE_LOG_TYPES_PK2
--------------------------------------------------------

  CREATE UNIQUE INDEX "SNECH_DB"."ISSUE_LOG_TYPES_PK2" ON "SNECH_DB"."ISSUE_LOG_TYPES" ("LOG_NAME") 
  PCTFREE 10 INITRANS 2 MAXTRANS 255 COMPUTE STATISTICS 
  STORAGE(INITIAL 65536 NEXT 1048576 MINEXTENTS 1 MAXEXTENTS 2147483645
  PCTINCREASE 0 FREELISTS 1 FREELIST GROUPS 1 BUFFER_POOL DEFAULT FLASH_CACHE DEFAULT CELL_FLASH_CACHE DEFAULT)
  TABLESPACE "SYSTEM" ;
--------------------------------------------------------
--  DDL for Index USER_ROLES_PK
--------------------------------------------------------

  CREATE UNIQUE INDEX "SNECH_DB"."USER_ROLES_PK" ON "SNECH_DB"."USER_ROLES" ("ROLE_ID") 
  PCTFREE 10 INITRANS 2 MAXTRANS 255 COMPUTE STATISTICS 
  STORAGE(INITIAL 65536 NEXT 1048576 MINEXTENTS 1 MAXEXTENTS 2147483645
  PCTINCREASE 0 FREELISTS 1 FREELIST GROUPS 1 BUFFER_POOL DEFAULT FLASH_CACHE DEFAULT CELL_FLASH_CACHE DEFAULT)
  TABLESPACE "SYSTEM" ;
--------------------------------------------------------
--  DDL for Index ISSUE_COMMENTS_PK
--------------------------------------------------------

  CREATE UNIQUE INDEX "SNECH_DB"."ISSUE_COMMENTS_PK" ON "SNECH_DB"."ISSUE_COMMENTS" ("ISSUE_COMMENT_ID") 
  PCTFREE 10 INITRANS 2 MAXTRANS 255 COMPUTE STATISTICS 
  STORAGE(INITIAL 65536 NEXT 1048576 MINEXTENTS 1 MAXEXTENTS 2147483645
  PCTINCREASE 0 FREELISTS 1 FREELIST GROUPS 1 BUFFER_POOL DEFAULT FLASH_CACHE DEFAULT CELL_FLASH_CACHE DEFAULT)
  TABLESPACE "SYSTEM" ;
--------------------------------------------------------
--  DDL for Index NOTICES_PK
--------------------------------------------------------

  CREATE UNIQUE INDEX "SNECH_DB"."NOTICES_PK" ON "SNECH_DB"."NOTICES" ("NOTICE_ID") 
  PCTFREE 10 INITRANS 2 MAXTRANS 255 COMPUTE STATISTICS 
  STORAGE(INITIAL 65536 NEXT 1048576 MINEXTENTS 1 MAXEXTENTS 2147483645
  PCTINCREASE 0 FREELISTS 1 FREELIST GROUPS 1 BUFFER_POOL DEFAULT FLASH_CACHE DEFAULT CELL_FLASH_CACHE DEFAULT)
  TABLESPACE "SYSTEM" ;
--------------------------------------------------------
--  Constraints for Table ATTACHMENTS
--------------------------------------------------------

  ALTER TABLE "SNECH_DB"."ATTACHMENTS" MODIFY ("ATTACHMENT_ID" NOT NULL ENABLE);
  ALTER TABLE "SNECH_DB"."ATTACHMENTS" MODIFY ("FILE_URL" NOT NULL ENABLE);
  ALTER TABLE "SNECH_DB"."ATTACHMENTS" MODIFY ("FILE_NAME" NOT NULL ENABLE);
  ALTER TABLE "SNECH_DB"."ATTACHMENTS" ADD CONSTRAINT "ATTACHMENTS_PK" PRIMARY KEY ("ATTACHMENT_ID")
  USING INDEX PCTFREE 10 INITRANS 2 MAXTRANS 255 COMPUTE STATISTICS 
  STORAGE(INITIAL 65536 NEXT 1048576 MINEXTENTS 1 MAXEXTENTS 2147483645
  PCTINCREASE 0 FREELISTS 1 FREELIST GROUPS 1 BUFFER_POOL DEFAULT FLASH_CACHE DEFAULT CELL_FLASH_CACHE DEFAULT)
  TABLESPACE "SYSTEM"  ENABLE;
--------------------------------------------------------
--  Constraints for Table ISSUES
--------------------------------------------------------

  ALTER TABLE "SNECH_DB"."ISSUES" ADD CONSTRAINT "ISSUES_SUBJECT_UK" UNIQUE ("SUBJECT")
  USING INDEX PCTFREE 10 INITRANS 2 MAXTRANS 255 COMPUTE STATISTICS 
  STORAGE(INITIAL 65536 NEXT 1048576 MINEXTENTS 1 MAXEXTENTS 2147483645
  PCTINCREASE 0 FREELISTS 1 FREELIST GROUPS 1 BUFFER_POOL DEFAULT FLASH_CACHE DEFAULT CELL_FLASH_CACHE DEFAULT)
  TABLESPACE "SYSTEM"  ENABLE;
  ALTER TABLE "SNECH_DB"."ISSUES" MODIFY ("USER_LOGIN" NOT NULL ENABLE);
  ALTER TABLE "SNECH_DB"."ISSUES" MODIFY ("PROGRESS" NOT NULL ENABLE);
  ALTER TABLE "SNECH_DB"."ISSUES" MODIFY ("ISSUE_ID" NOT NULL ENABLE);
  ALTER TABLE "SNECH_DB"."ISSUES" MODIFY ("SUBJECT" NOT NULL ENABLE);
  ALTER TABLE "SNECH_DB"."ISSUES" MODIFY ("CODE_PRIORITY" NOT NULL ENABLE);
  ALTER TABLE "SNECH_DB"."ISSUES" MODIFY ("CODE_STATUS" NOT NULL ENABLE);
  ALTER TABLE "SNECH_DB"."ISSUES" MODIFY ("CREATED_ON" NOT NULL ENABLE);
  ALTER TABLE "SNECH_DB"."ISSUES" ADD CONSTRAINT "ISSUES_PK" PRIMARY KEY ("ISSUE_ID")
  USING INDEX PCTFREE 10 INITRANS 2 MAXTRANS 255 COMPUTE STATISTICS 
  STORAGE(INITIAL 65536 NEXT 1048576 MINEXTENTS 1 MAXEXTENTS 2147483645
  PCTINCREASE 0 FREELISTS 1 FREELIST GROUPS 1 BUFFER_POOL DEFAULT FLASH_CACHE DEFAULT CELL_FLASH_CACHE DEFAULT)
  TABLESPACE "SYSTEM"  ENABLE;
--------------------------------------------------------
--  Constraints for Table NOTICES
--------------------------------------------------------

  ALTER TABLE "SNECH_DB"."NOTICES" MODIFY ("NOTICE_ID" NOT NULL ENABLE);
  ALTER TABLE "SNECH_DB"."NOTICES" MODIFY ("SUBJECT" NOT NULL ENABLE);
  ALTER TABLE "SNECH_DB"."NOTICES" MODIFY ("CREATED_ON" NOT NULL ENABLE);
  ALTER TABLE "SNECH_DB"."NOTICES" MODIFY ("VISIBLE" NOT NULL ENABLE);
  ALTER TABLE "SNECH_DB"."NOTICES" MODIFY ("AUTHOR_ID" NOT NULL ENABLE);
  ALTER TABLE "SNECH_DB"."NOTICES" ADD CONSTRAINT "NOTICES_PK" PRIMARY KEY ("NOTICE_ID")
  USING INDEX PCTFREE 10 INITRANS 2 MAXTRANS 255 COMPUTE STATISTICS 
  STORAGE(INITIAL 65536 NEXT 1048576 MINEXTENTS 1 MAXEXTENTS 2147483645
  PCTINCREASE 0 FREELISTS 1 FREELIST GROUPS 1 BUFFER_POOL DEFAULT FLASH_CACHE DEFAULT CELL_FLASH_CACHE DEFAULT)
  TABLESPACE "SYSTEM"  ENABLE;
--------------------------------------------------------
--  Constraints for Table ASSIGNING_ISSUES
--------------------------------------------------------

  ALTER TABLE "SNECH_DB"."ASSIGNING_ISSUES" ADD CONSTRAINT "ASSIGNING_TASK_PK" PRIMARY KEY ("LOGIN", "ISSUE_ID")
  USING INDEX PCTFREE 10 INITRANS 2 MAXTRANS 255 COMPUTE STATISTICS 
  STORAGE(INITIAL 65536 NEXT 1048576 MINEXTENTS 1 MAXEXTENTS 2147483645
  PCTINCREASE 0 FREELISTS 1 FREELIST GROUPS 1 BUFFER_POOL DEFAULT FLASH_CACHE DEFAULT CELL_FLASH_CACHE DEFAULT)
  TABLESPACE "SYSTEM"  ENABLE;
  ALTER TABLE "SNECH_DB"."ASSIGNING_ISSUES" MODIFY ("ISSUE_ID" NOT NULL ENABLE);
  ALTER TABLE "SNECH_DB"."ASSIGNING_ISSUES" MODIFY ("LOGIN" NOT NULL ENABLE);
--------------------------------------------------------
--  Constraints for Table ISSUE_STATUS
--------------------------------------------------------

  ALTER TABLE "SNECH_DB"."ISSUE_STATUS" MODIFY ("CODE" NOT NULL ENABLE);
  ALTER TABLE "SNECH_DB"."ISSUE_STATUS" ADD CONSTRAINT "ISSUE_STATUSES_PK" PRIMARY KEY ("CODE")
  USING INDEX PCTFREE 10 INITRANS 2 MAXTRANS 255 COMPUTE STATISTICS 
  STORAGE(INITIAL 65536 NEXT 1048576 MINEXTENTS 1 MAXEXTENTS 2147483645
  PCTINCREASE 0 FREELISTS 1 FREELIST GROUPS 1 BUFFER_POOL DEFAULT FLASH_CACHE DEFAULT CELL_FLASH_CACHE DEFAULT)
  TABLESPACE "SYSTEM"  ENABLE;
  ALTER TABLE "SNECH_DB"."ISSUE_STATUS" ADD CONSTRAINT "ISSUE_STATUS_CHK1" CHECK (code IN ('NOVA', 'PREBIEHA', 'VYRIESENA', 'ZAMIETNUTA', 'INY', 'VYMAZANA')) ENABLE;
--------------------------------------------------------
--  Constraints for Table ISSUE_COMMENTS
--------------------------------------------------------

  ALTER TABLE "SNECH_DB"."ISSUE_COMMENTS" MODIFY ("ISSUE_COMMENT_ID" NOT NULL ENABLE);
  ALTER TABLE "SNECH_DB"."ISSUE_COMMENTS" MODIFY ("ISSUE_ID" NOT NULL ENABLE);
  ALTER TABLE "SNECH_DB"."ISSUE_COMMENTS" MODIFY ("SUBJECT" NOT NULL ENABLE);
  ALTER TABLE "SNECH_DB"."ISSUE_COMMENTS" MODIFY ("AUTHOR_ID" NOT NULL ENABLE);
  ALTER TABLE "SNECH_DB"."ISSUE_COMMENTS" ADD CONSTRAINT "ISSUE_COMMENTS_PK" PRIMARY KEY ("ISSUE_COMMENT_ID")
  USING INDEX PCTFREE 10 INITRANS 2 MAXTRANS 255 COMPUTE STATISTICS 
  STORAGE(INITIAL 65536 NEXT 1048576 MINEXTENTS 1 MAXEXTENTS 2147483645
  PCTINCREASE 0 FREELISTS 1 FREELIST GROUPS 1 BUFFER_POOL DEFAULT FLASH_CACHE DEFAULT CELL_FLASH_CACHE DEFAULT)
  TABLESPACE "SYSTEM"  ENABLE;
--------------------------------------------------------
--  Constraints for Table USER_ROLES
--------------------------------------------------------

  ALTER TABLE "SNECH_DB"."USER_ROLES" MODIFY ("ROLE_ID" NOT NULL ENABLE);
  ALTER TABLE "SNECH_DB"."USER_ROLES" MODIFY ("ROLE_NAME" NOT NULL ENABLE);
  ALTER TABLE "SNECH_DB"."USER_ROLES" ADD CONSTRAINT "USER_ROLES_PK" PRIMARY KEY ("ROLE_ID")
  USING INDEX PCTFREE 10 INITRANS 2 MAXTRANS 255 COMPUTE STATISTICS 
  STORAGE(INITIAL 65536 NEXT 1048576 MINEXTENTS 1 MAXEXTENTS 2147483645
  PCTINCREASE 0 FREELISTS 1 FREELIST GROUPS 1 BUFFER_POOL DEFAULT FLASH_CACHE DEFAULT CELL_FLASH_CACHE DEFAULT)
  TABLESPACE "SYSTEM"  ENABLE;
  ALTER TABLE "SNECH_DB"."USER_ROLES" ADD CONSTRAINT "USER_ROLES_CHK1" CHECK (role_name IN ('UZIVATEL', 'TECHNIK', 'ADMIN')) DISABLE;
--------------------------------------------------------
--  Constraints for Table USERS
--------------------------------------------------------

  ALTER TABLE "SNECH_DB"."USERS" MODIFY ("USER_ID" NOT NULL ENABLE);
  ALTER TABLE "SNECH_DB"."USERS" MODIFY ("FIRST_NAME" NOT NULL ENABLE);
  ALTER TABLE "SNECH_DB"."USERS" MODIFY ("LAST_NAME" NOT NULL ENABLE);
  ALTER TABLE "SNECH_DB"."USERS" MODIFY ("CREATED_ON" NOT NULL ENABLE);
  ALTER TABLE "SNECH_DB"."USERS" ADD CONSTRAINT "USERS_PK" PRIMARY KEY ("USER_ID")
  USING INDEX PCTFREE 10 INITRANS 2 MAXTRANS 255 COMPUTE STATISTICS 
  STORAGE(INITIAL 65536 NEXT 1048576 MINEXTENTS 1 MAXEXTENTS 2147483645
  PCTINCREASE 0 FREELISTS 1 FREELIST GROUPS 1 BUFFER_POOL DEFAULT FLASH_CACHE DEFAULT CELL_FLASH_CACHE DEFAULT)
  TABLESPACE "SYSTEM"  ENABLE;
--------------------------------------------------------
--  Constraints for Table USER_LOGINS
--------------------------------------------------------

  ALTER TABLE "SNECH_DB"."USER_LOGINS" ADD CONSTRAINT "USER_LOGINS_UK1" UNIQUE ("LOGIN")
  USING INDEX PCTFREE 10 INITRANS 2 MAXTRANS 255 COMPUTE STATISTICS 
  STORAGE(INITIAL 65536 NEXT 1048576 MINEXTENTS 1 MAXEXTENTS 2147483645
  PCTINCREASE 0 FREELISTS 1 FREELIST GROUPS 1 BUFFER_POOL DEFAULT FLASH_CACHE DEFAULT CELL_FLASH_CACHE DEFAULT)
  TABLESPACE "SYSTEM"  ENABLE;
  ALTER TABLE "SNECH_DB"."USER_LOGINS" MODIFY ("LOGIN" NOT NULL ENABLE);
  ALTER TABLE "SNECH_DB"."USER_LOGINS" MODIFY ("USER_ID" NOT NULL ENABLE);
  ALTER TABLE "SNECH_DB"."USER_LOGINS" MODIFY ("PASSWORD" NOT NULL ENABLE);
  ALTER TABLE "SNECH_DB"."USER_LOGINS" MODIFY ("ROLE_ID" NOT NULL ENABLE);
--------------------------------------------------------
--  Constraints for Table ISSUE_LOGS
--------------------------------------------------------

  ALTER TABLE "SNECH_DB"."ISSUE_LOGS" MODIFY ("CREATED_ON" NOT NULL ENABLE);
  ALTER TABLE "SNECH_DB"."ISSUE_LOGS" MODIFY ("LOG_ID" NOT NULL ENABLE);
  ALTER TABLE "SNECH_DB"."ISSUE_LOGS" MODIFY ("ISSUE_ID" NOT NULL ENABLE);
  ALTER TABLE "SNECH_DB"."ISSUE_LOGS" MODIFY ("LOG_TYPE" NOT NULL ENABLE);
  ALTER TABLE "SNECH_DB"."ISSUE_LOGS" MODIFY ("AUTHOR_LOGIN" NOT NULL ENABLE);
  ALTER TABLE "SNECH_DB"."ISSUE_LOGS" ADD CONSTRAINT "ISSUE_LOGS_PK" PRIMARY KEY ("LOG_ID")
  USING INDEX PCTFREE 10 INITRANS 2 MAXTRANS 255 COMPUTE STATISTICS 
  STORAGE(INITIAL 65536 NEXT 1048576 MINEXTENTS 1 MAXEXTENTS 2147483645
  PCTINCREASE 0 FREELISTS 1 FREELIST GROUPS 1 BUFFER_POOL DEFAULT FLASH_CACHE DEFAULT CELL_FLASH_CACHE DEFAULT)
  TABLESPACE "SYSTEM"  ENABLE;
--------------------------------------------------------
--  Constraints for Table ISSUE_LOG_TYPES
--------------------------------------------------------

  ALTER TABLE "SNECH_DB"."ISSUE_LOG_TYPES" MODIFY ("LOG_NAME" NOT NULL ENABLE);
  ALTER TABLE "SNECH_DB"."ISSUE_LOG_TYPES" ADD CONSTRAINT "ISSUE_LOG_TYPES_CHK1" CHECK (LOG_NAME IN ('VYTVORENIE', 'ZMAZANIE', 'AKTUALIZACIA', 'INE')) ENABLE;
  ALTER TABLE "SNECH_DB"."ISSUE_LOG_TYPES" ADD CONSTRAINT "ISSUE_LOG_TYPES_PK" PRIMARY KEY ("LOG_NAME")
  USING INDEX PCTFREE 10 INITRANS 2 MAXTRANS 255 COMPUTE STATISTICS 
  STORAGE(INITIAL 65536 NEXT 1048576 MINEXTENTS 1 MAXEXTENTS 2147483645
  PCTINCREASE 0 FREELISTS 1 FREELIST GROUPS 1 BUFFER_POOL DEFAULT FLASH_CACHE DEFAULT CELL_FLASH_CACHE DEFAULT)
  TABLESPACE "SYSTEM"  ENABLE;
--------------------------------------------------------
--  Constraints for Table ISSUE_PRIORITIES
--------------------------------------------------------

  ALTER TABLE "SNECH_DB"."ISSUE_PRIORITIES" ADD CONSTRAINT "ISSUE_PRIORITIES_CODE_CONST" CHECK (code IN ('A', 'B', 'C', 'D', 'E')) ENABLE;
  ALTER TABLE "SNECH_DB"."ISSUE_PRIORITIES" MODIFY ("CODE" NOT NULL ENABLE);
  ALTER TABLE "SNECH_DB"."ISSUE_PRIORITIES" ADD CONSTRAINT "ISSUE_PRIORITIES_PK" PRIMARY KEY ("CODE")
  USING INDEX PCTFREE 10 INITRANS 2 MAXTRANS 255 COMPUTE STATISTICS 
  STORAGE(INITIAL 65536 NEXT 1048576 MINEXTENTS 1 MAXEXTENTS 2147483645
  PCTINCREASE 0 FREELISTS 1 FREELIST GROUPS 1 BUFFER_POOL DEFAULT FLASH_CACHE DEFAULT CELL_FLASH_CACHE DEFAULT)
  TABLESPACE "SYSTEM"  ENABLE;
--------------------------------------------------------
--  Ref Constraints for Table ASSIGNING_ISSUES
--------------------------------------------------------

  ALTER TABLE "SNECH_DB"."ASSIGNING_ISSUES" ADD CONSTRAINT "ISSUE_FK" FOREIGN KEY ("ISSUE_ID")
	  REFERENCES "SNECH_DB"."ISSUES" ("ISSUE_ID") ENABLE;
  ALTER TABLE "SNECH_DB"."ASSIGNING_ISSUES" ADD CONSTRAINT "LOGIN_FK" FOREIGN KEY ("LOGIN")
	  REFERENCES "SNECH_DB"."USER_LOGINS" ("LOGIN") ENABLE;
--------------------------------------------------------
--  Ref Constraints for Table ATTACHMENTS
--------------------------------------------------------

  ALTER TABLE "SNECH_DB"."ATTACHMENTS" ADD CONSTRAINT "ATTACHMENTS_ISSUES_FK" FOREIGN KEY ("ISSUE_ID")
	  REFERENCES "SNECH_DB"."ISSUES" ("ISSUE_ID") ENABLE;
--------------------------------------------------------
--  Ref Constraints for Table ISSUE_COMMENTS
--------------------------------------------------------

  ALTER TABLE "SNECH_DB"."ISSUE_COMMENTS" ADD CONSTRAINT "ISSUE_COMMENTS_ISSUES_FK" FOREIGN KEY ("ISSUE_ID")
	  REFERENCES "SNECH_DB"."ISSUES" ("ISSUE_ID") ENABLE;
  ALTER TABLE "SNECH_DB"."ISSUE_COMMENTS" ADD CONSTRAINT "ISSUE_COMMENTS_USERS_FK" FOREIGN KEY ("AUTHOR_ID")
	  REFERENCES "SNECH_DB"."USERS" ("USER_ID") ENABLE;
--------------------------------------------------------
--  Ref Constraints for Table ISSUE_LOGS
--------------------------------------------------------

  ALTER TABLE "SNECH_DB"."ISSUE_LOGS" ADD CONSTRAINT "ISSUE_LOGS_FK1" FOREIGN KEY ("LOG_TYPE")
	  REFERENCES "SNECH_DB"."ISSUE_LOG_TYPES" ("LOG_NAME") ENABLE;
  ALTER TABLE "SNECH_DB"."ISSUE_LOGS" ADD CONSTRAINT "ISSUE_LOGS_FK2" FOREIGN KEY ("AUTHOR_LOGIN")
	  REFERENCES "SNECH_DB"."USER_LOGINS" ("LOGIN") ENABLE;
--------------------------------------------------------
--  Ref Constraints for Table ISSUES
--------------------------------------------------------

  ALTER TABLE "SNECH_DB"."ISSUES" ADD CONSTRAINT "PRIORITY_CODE_FK" FOREIGN KEY ("CODE_PRIORITY")
	  REFERENCES "SNECH_DB"."ISSUE_PRIORITIES" ("CODE") ENABLE;
  ALTER TABLE "SNECH_DB"."ISSUES" ADD CONSTRAINT "STATUS_CODE_FK" FOREIGN KEY ("CODE_STATUS")
	  REFERENCES "SNECH_DB"."ISSUE_STATUS" ("CODE") ENABLE;
  ALTER TABLE "SNECH_DB"."ISSUES" ADD CONSTRAINT "USER_LOGIN_FK" FOREIGN KEY ("USER_LOGIN")
	  REFERENCES "SNECH_DB"."USER_LOGINS" ("LOGIN") DISABLE;
--------------------------------------------------------
--  Ref Constraints for Table NOTICES
--------------------------------------------------------

  ALTER TABLE "SNECH_DB"."NOTICES" ADD CONSTRAINT "NOTICES_USERS_FK" FOREIGN KEY ("AUTHOR_ID")
	  REFERENCES "SNECH_DB"."USERS" ("USER_ID") ENABLE;
--------------------------------------------------------
--  Ref Constraints for Table USER_LOGINS
--------------------------------------------------------

  ALTER TABLE "SNECH_DB"."USER_LOGINS" ADD CONSTRAINT "USER_ID" FOREIGN KEY ("USER_ID")
	  REFERENCES "SNECH_DB"."USERS" ("USER_ID") ENABLE;
  ALTER TABLE "SNECH_DB"."USER_LOGINS" ADD CONSTRAINT "USER_ROLE" FOREIGN KEY ("ROLE_ID")
	  REFERENCES "SNECH_DB"."USER_ROLES" ("ROLE_ID") ENABLE;
--------------------------------------------------------
--  DDL for Trigger ISSUES_ISSUE_ID_TRG
--------------------------------------------------------

  CREATE OR REPLACE TRIGGER "SNECH_DB"."ISSUES_ISSUE_ID_TRG" BEFORE
  INSERT ON issues FOR EACH ROW   WHEN (NEW.issue_ID IS NULL OR NEW.issue_ID IS NOT NULL) BEGIN :NEW.issue_ID := issue_ID_SEQ.NEXTVAL;
END;
/
ALTER TRIGGER "SNECH_DB"."ISSUES_ISSUE_ID_TRG" ENABLE;
--------------------------------------------------------
--  DDL for Trigger USER_LOGIN_TRG
--------------------------------------------------------

  CREATE OR REPLACE TRIGGER "SNECH_DB"."USER_LOGIN_TRG" 
before
insert on user_logins
for each row
declare 
  v_pocetRoli number;
begin
  select count(*)
  into v_pocetRoli
  from user_logins
  where user_id=:new.user_id and role_id=:new.role_id;
  
  if(v_pocetRoli = 0) 
  then
    dbms_output.put_line('Mozme vlozit'); 
  else
    raise_application_error(-20001, 'Uzivatel s id #'||:new.user_id||' uz ma pridelenu rolu s id #'||:new.role_id);
  end if;
end;
/
ALTER TRIGGER "SNECH_DB"."USER_LOGIN_TRG" ENABLE;
--------------------------------------------------------
--  DDL for Trigger USER_ROLES_ROLE_ID_TRG
--------------------------------------------------------

  CREATE OR REPLACE TRIGGER "SNECH_DB"."USER_ROLES_ROLE_ID_TRG" BEFORE
  INSERT ON user_roles FOR EACH ROW   WHEN (NEW.role_id IS NULL) BEGIN :NEW.role_id := user_roles_role_id_SEQ.NEXTVAL;
END;
/
ALTER TRIGGER "SNECH_DB"."USER_ROLES_ROLE_ID_TRG" ENABLE;
--------------------------------------------------------
--  DDL for Trigger USERS_USER_ID_TRG
--------------------------------------------------------

  CREATE OR REPLACE TRIGGER "SNECH_DB"."USERS_USER_ID_TRG" BEFORE
  INSERT ON users FOR EACH ROW   WHEN (NEW.user_ID IS NULL) BEGIN :NEW.user_ID := users_user_ID_SEQ.NEXTVAL;
END;
/
ALTER TRIGGER "SNECH_DB"."USERS_USER_ID_TRG" ENABLE;
--------------------------------------------------------
--  DDL for Package USER_SECURITY
--------------------------------------------------------

  CREATE OR REPLACE PACKAGE "SNECH_DB"."USER_SECURITY" AS

  FUNCTION get_hash (p_username  IN  VARCHAR2,
                     p_password  IN  VARCHAR2)
    RETURN VARCHAR2;
    
  PROCEDURE add_user (p_username  IN  VARCHAR2,
                      p_password  IN  VARCHAR2);

  PROCEDURE change_password (p_username      IN  VARCHAR2,
                             p_old_password  IN  VARCHAR2,
                             p_new_password  IN  VARCHAR2);

  PROCEDURE valid_user (p_username  IN  VARCHAR2,
                        p_password  IN  VARCHAR2);

  FUNCTION valid_user (p_username  IN  VARCHAR2,
                       p_password  IN  VARCHAR2)
    RETURN BOOLEAN;

END;

/
